TaskID	Estimate_label
3FHTJGYT8O3UOD4PWT98LA31EHDPG3	fear
3H5TOKO3DAM62RT0MW8Y6LFHT7F46Q	surprise
306996CF6XNVG4DCV564J3U6VOG1BV	surprise
3PEG1BH7AFUXM5ZY3FCMOIQ54UFKBG	neutral
3PMR2DOWOP4AJNTMHDYTEF1HXC445A	disgust
3G4VVJO6P0JZQZ08MKUNJ2VULYUPK6	surprise
32ZCLEW0B0N4FFUQ4ZUBINVH69UPJ7	neutral
3Y3N5A7N4HCOP1SCYJ3MB6GAE8SMY2	sad
3B9J25CZ26GEKT4CMOHJQONX39SSCC	happy
3XU80RHWH0JSN4PM38FJ9NV3XG9445	sad
372AGES0I58QMCFUYVD1ER3BIPXXRV	sad
37Y5RYYI0Q82NRF7DKD641874RGXSJ	neutral
3LCXHSGDLU9THROQIFNEGCN0OL5SE5	happy
30EMX9PEVLMW3RG0E1YHE7058I1SKP	happy
37VUR2VJ6BSEQ95I952ZUN0OD9G1C2	angry
3FTID4TN8M14JJARY727BT1LE32YLC	happy
3HO4MYYR13R5JPNF12ZGJPDBSK36UF	happy
3M93N4X8HLQ1S7AIWGY5DS0STT1SJQ	neutral
3E22YV8GG290Y5LBJXM3BUCYFTZPNB	disgust
3S8A4GJRD465W4CF6S9LFBFU6RC6V4	happy
3YLTXLH3DG98O9Z0GZRQ6AF2THQPH2	sad
35XW21VSVHH7NXYIZ1AIT7DKXI6SLS	neutral
307FVKVSYSIP6R7556DQCZFDOIZ47P	sad
3MDKGGG61RQQJC8Q1X96ETR996W6TO	sad
3HY86PZXPZLTN7PW5W8UKB0RYLT1EV	sad
3WGCNLZJKGBOV1BW91XAETI6Y9S1D2	disgust
3PGQRAZX03NRNW5HIGZ8NFFG6XAYSQ	sad
3CESM1J3EJ6IBTCKW2EH1DY8D0E6WE	happy
3HEM8MA6HAFL12Y3ZPEKFO73K4MPQY	neutral
3Z33IC0JC1PSENED4ZCXZL6WWSJV93	fear
338GLSUI44ELN5OMDQ7KYU800MKSFN	sad
3R6RZGK0XGF7FOMLCB4DY2ZN514YVV	happy
334ZEL5JX7IFTI1FCTQALOHESNBSO9	disgust
3B0MCRZMBSX01QXOZCZVFJHTF80PP7	sad
3GL25Y6844XZPW22TNHKSS91C2YMXW	surprise
3UY4PIS8QSOXHD29YVBDAYU0CDTN15	sad
3ZURAPD289QLTLPS07S02TLRAM81FD	happy
38XPGNCKHU3RHH81N4G6IDVGA05V47	sad
3Y40HMYLL2LI247B2P86J2QVPO1XUZ	neutral
36AZSFEYZ53B2GTA2JQTQR1MKSMVBD	angry
3DZKABX2ZJ8UCLLGGJMO1B742DMVCK	sad
388FBO7JZSWU7JDCAKIMOL5AJY2YNE	sad
32K26U12DOR4HDRUGFHZLHPMNDYVDK	surprise
3O0M2G5VC75TKAVYK3BAQV6JJ8N491	neutral
32TZXEA1OMNBV5S3GQWHBPO0LWZ41S	sad
3GITHABACZO46YK5HZBRFH454J7N2M	angry
3BC9H1KCYVFKUDMQ2L99K4I1CA6YW5	surprise
3VEI3XUCZS0LD3D3C43KKEH8GQOPRZ	happy
3ZCC2DXSD87OJIHQHMRX513HNI6YY4	sad
3O2Y2UIUCRXNZMBE8HYI78HQJS7KFY	sad
3PZDSVZ3J6KE9CZSLDUF8W13OX3N4I	sad
3MG8450X2PDDTV5KGYYPPP4SNPSPU3	neutral
307L9TDWJZVTRGGOLZPWYR9XAX7N3X	happy
3D0LPO3EAC2CP4DOBZIZ3A5F987YOT	angry
3FK4G712NY3URAT8JA7J5TRFPCESS6	disgust
3X0EMNLXEQSD6AUKLO8ULB6B1W1PVS	angry
3ZRKL6Z1E96R15KHOAD2GF8C11KSGM	fear
3V0TR1NRVB57PT53C9PAMQH3PQ54AG	happy
3HRWUH63QV5W5V3SZIDPDO7HOTYN5N	sad
39AYGO6AFGNSOZ3641NU5ULHKO9N63	happy
3KL228NDMWPTDM79J140PTH2K77KGX	neutral
30OITAWPBR6NWMJTZAVTKKFNOD99HS	sad
3NOEP8XAU555AZZFL39C9W3WH79PXV	neutral
34OWYT6U3XKNSHUD5SDEKWG2OQO9IL	sad
382GHPVPHTU7586I3UA0ZI3XJGD43K	surprise
33N1S8XHHNORY2GS1JM75L19MR1Z1Y	happy
3ZFRE2BDQAHZO31L8C7E0U5AR6GXZO	sad
30EV7DWJTWYM0Y7KB3W5MAJOO8E6YD	angry
3MVY4USGB7Q5XWQCEYD51RLSGECSIE	sad
36KM3FWE3SF873P4M5QO0WP076J70C	sad
3IZVJEBJ6BNM5OHP7PYO0HSQU2I6Z4	neutral
3RHLQY6EDU75N08FWJGCCRP9AT24DI	sad
3NRZ1LDP7X9UFUZUMLXX6HJ7P77PZS	surprise
3PKVGQTFIINFMH543RZ3X5AKKVRYR2	neutral
3IH9TRB0FC253CRI1FYL5QYJQE01I4	sad
3IVEC1GSLQ21YNBOJXJLHRDJ3TP1JG	happy
3T2HW4QDUWAWFE8DDIHS9TI7BL4C9M	sad
3QMELQS6Y6ED3XVYX84BEEQRLLZ6RB	sad
3YO4AH2FPENIDLUJI4ZU0N6VCWAQ0S	sad
3L21G7IH48ZRTC6N5XKORES7GXXY16	neutral
34XASH8KLRPUGN0B7W73YFNYA3PPMB	happy
3RQVKZ7ZRLMF3DSI1SU2JKIF44372W	surprise
3W0XM68YZQYW97H61IJXI6DWIIP1KF	surprise
39WICJI5AUVN85U7ON0QTEG6KBFZ3Q	surprise
3QI9WAYOGREP4CVBCX4G4OVN7NI6SZ	sad
3UV0D2KX1NM2LKMBNPB20RSUM6I4FT	angry
37MQ8Z1JQFZYIXOJO1K2WX2C83BY2N	angry
3RBI0I35XF6N3FK2S1Y7F774EHBY3Y	sad
3LB1BGHFL3ZS2WIW7G4YXKB28GOYTF	neutral
3QGTX7BCHQ5QMKHB26OJ8BEQY76Z5G	fear
3I7KR83SNBGEYCK15VYQXCVFGUD9KW	angry
309D674SH0OF37NAB2VO0ZDXZL7CBW	disgust
3O71U79SRCSRTFG3ZDBXTKS9XNWSMU	sad
39I4RL8QGKKMZGDHIFZ23C472LV4HR	neutral
3NQUW096N7BPII2JQVARCC8U5UI9LZ	fear
3UY4PIS8QSOXHD29YVBDAYU0CDU1NK	neutral
3GMLHYZ0LF0729XL7LU82GX4RUVYU6	angry
3LEG2HW4UGQSI67OJBSE7CVW2SMF28	angry
38VTL6WC4BGQHU766KM0U45OSD2Y5O	sad
3RWO3EJELICXKYEMEAO5ENZVCSV1PG	angry
3VCK0Q0PO6HXAOHR2C7DWTBQ7LNN02	happy
3G5RUKN2ED6F6I5428Q6P4CJAPI9N1	neutral
3OLZC0DJ8KILPO7G8TIACE5ZFI6VIM	fear
311HQEI8RTJ59OVUQZ3G6VSMPD1Z7V	neutral
31ODACBENVIIEUEVR6IEATCE7OTSQH	neutral
307FVKVSYSIP6R7556DQCZFDOIZ74S	happy
3VADEH0UHD0XEIDGRT3PAOM42S7SPQ	sad
3538U0YQ1GXH3O37NB6JQM0O86MF3J	sad
3H1C3QRA02MDAAZULTXE17JI2IKCEW	surprise
3L2OEKSTWAD94CQ84IT36OFFU33Y8Q	surprise
3HUR21WDDVSZJDRGCQ5VMNW8LCCYXY	surprise
3MNJFORX8C7KH3QB1UUC5JY8M2DF59	neutral
3SZYX62S5H372AB5JBW0HRLROEU75X	fear
33NOQL7T9P29920D04VMKVOH0X7Z8I	sad
3DIIW4IV8QYMVBO1OXHN3O5M2YA4IK	neutral
379OL9DBSTH9IH9I9AZH6KAQE9LY9F	neutral
324N5FAHSYECVJX48W3MPUKC7MVVKX	fear
356TQKY9XG0QPSU7H933TBVIQ4V78Z	angry
39O6Z4JLX30IFJWB7FIBFOSE3VAXVO	neutral
3R16PJFTS4UD16EPO02ZG4KZU2Z4KV	neutral
3OZ4VAIBEYIHKZRMQB3AOFKZSXVVJY	neutral
3E6L1VR4XXPG07QP6D4HXPC8IXOF6P	happy
3R5OYNIC2DCYTIQVGT8FKTIQ4BLPTC	happy
3L55D8AUFB0BGFGLLU988ABYKUOYCW	sad
33KMQD9OFKHMPEPO74BXFBZNFKP77C	happy
371QPA24C3RVCQ7TVRXPJX0S1VG1TL	happy
3EKZL9T8Y9PPUKQWBU5KMAGVUYCCHC	sad
3HUR21WDDVSZJDRGCQ5VMNW8LCCXYX	angry
3EGKVCRQFXVS6AOF7UDDXQ5G29OYBP	neutral
3X2YVV51PV7N47BNQW206H7R5PY1WB	surprise
3N2YPY1GI7199J5UCASJRZ77NPZVED	disgust
3EQVJH0T41O6G1S7XG0ABKGZIKCHT0	happy
3W1K7D6QSCKSB0YK3GFWBXEI83SZBH	sad
3P7QK0GJ3UOYNNYOKNMLA4BEEXFZ2F	angry
3KLL7H3EGE4LTTWW2B0PC24KF5SHVG	happy
3JHB4BPSFLC09FIWI0INTY7OF059QO	neutral
3QREJ3J43409ZELAUS1G2LMAGOUKL4	neutral
3XH7ZM9YX3X0LGXWVF7NYOHTBM79RP	happy
32W3UF2EZPOVI821WNL1SL7RPTQ4CI	sad
3X878VYTIFLZ474UPN9933C4D88F7O	angry
3XD2A6FGFOXCMVX9A47SOYMPXOQ9SD	happy
3A9LA2FRWTHDXI1R2Q170N15VG0HXJ	angry
3SBNLSTU6V8LQXW4HC626N2IBO4ZDO	angry
3EHVO81VN6O57HGYVXG05EX4Q1L1HB	happy
3IKDQS3DQF3PQF1GHCN5MMHAUBRCI5	sad
3PZDSVZ3J6KE9CZSLDUF8W13OX44N0	sad
3MGHRFQY2MSRMNL59EGOD99XB5RY03	happy
33KGGVH24VK2T7GD01YM80LYER41X4	sad
3RDTX9JRTZ4Q3XDHM19HT7QTAAD79O	happy
3KWGG5KP6K5BMYR72RLXEFORBKBCML	neutral
31J7RYECZMT7TDZOMIVYX6QB7IU1LI	disgust
3W31J70BATZGWAR4HF8HZ2WNMFGCKG	sad
33N1S8XHHNORY2GS1JM75L19MR21Z1	angry
359AP8GAGHNS1VKKYLJ8VXR1GVG7C5	sad
3SR6AEG6W6W2XNR17MN9J18EXMUHYP	happy
3CZH926SIDHAF6MFSERWI97UA534EB	sad
3L21G7IH48ZRTC6N5XKORES7GXY1YA	happy
3UUSLRKAUM626NQYYHEJF39J1VS7D5	sad
302OLP89D0AAKXII5OVS5OTRH3MCA1	neutral
3YD0MU1NC3448GNME7NHP21DGSV7A3	sad
3SBX2M1TKEQZC9CK15MWCQW8T8R4QN	neutral
36BTXXLZ2WBZOARKEKBWHG6DPUT4RO	disgust
3Z33IC0JC1PSENED4ZCXZL6WWSK9VI	angry
3U18MJKL1VPH4GC7ES0XRUDRGALCNL	happy
367O8HRHKHBBPPRXT9B17QB9BWC4SC	sad
3BFNCI9LYLT4OVO15S872UN7AI3737	happy
3FCO4VKOZ5G7YT4YUCP3LLR417T7EY	neutral
3JVP4ZJHDQV5WN605WULRLF9LMUI0I	neutral
3UQVX1UPFTK1L2SYGT9T458SWQX20R	fear
3IZVJEBJ6BNM5OHP7PYO0HSQU2HZ6W	angry
3MIVREZQVI1KQB1NMX9CJ7L4QUHKQT	disgust
30IRMPJWD0MK2CGNZCYCOXV9MGJKRU	neutral
3ZQA3IO31CUFZY2LZABQPNU52NZ1OZ	angry
3RKHNXPHGXZCI48436THT8ITTFNKUY	neutral
3IH9TRB0FC253CRI1FYL5QYJQE0I1L	angry
30EV7DWJTWYM0Y7KB3W5MAJOO8DY64	neutral
31D0ZWOD0B2QQ5N2T828ANRQ8EPA06	neutral
3S1L4CQSFY8HN92SWQLTDUEUEGEFAF	neutral
30EMX9PEVLMW3RG0E1YHE7058I2KSI	sad
3WJGKMRWVJC8I4LUPYMUVP1X26JCD3	sad
3ZTE0JGGCFVZM1CJF70A6JDW6KQCO0	sad
3W9XHF7WGLYXIRTF3137OCWRA1GKT7	sad
3DWNFENNE4YIQM876F2NFPKMFDZ4JW	happy
3EQPA8A375ZYTJWWR8SD9LXVG81ZJ2	happy
379OL9DBSTH9IH9I9AZH6KAQE9M9YR	happy
324N5FAHSYECVJX48W3MPUKC7MWKVN	neutral
3E9VAUV7BXHNN0JN1GDH2FLAKR3YAU	disgust
3XDJY5RK5TOR42J1IE61MRTXWTX4US	fear
3X878VYTIFLZ474UPN9933C4D887FG	neutral
3ZXV7Q5FJCR5GOZQG4HKJP4IEJZFCH	fear
3WUVMVA7OC6NSQTSX2F0GMUCQL7ZAM	neutral
38XPGNCKHU3RHH81N4G6IDVGA064VH	angry
3MA5N0ATTDEPA8X9Y68IBW3QEVYKWX	angry
3B6F54KMR3FUXQUE6RSZ9S46ZC21SW	happy
3PUOXASB5869N7JN5W10KRJSK3Q9ZI	sad
3GVPRXWRPIXJEY6KQVFU60PWT007I7	angry
3S37Y8CWI934W686DEL24FEUH984WR	happy
3BDORL6HKLG2JE4Z7ZHE0EI1H7ACR9	sad
32CAVSKPCFSAC3MIVWNZOTMUK9N1UC	sad
3ZXNP4Z39SOL4ZEQBYC7YGHOA4U7LL	angry
3XEIP58NL1Q4O9KWUT4QP0ANKX6ZL4	angry
391FPZIE4DPLGE7WXLQKGG211YJHUR	neutral
3SSN80MU8DR4Z82Z8B44DFHXNX4KXQ	sad
35A1YQPVFFJ4RUS1220X8GB02U5I53	happy
3DWGDA5POG7APIBI0MX4KFODYGW1V1	sad
3909MD9T20KKDMJ4CVNF9D4LZVCFEA	sad
3B9J25CZ26GEKT4CMOHJQONX39TCSX	sad
3WKGUBL7S0POLCW790E0V4XEJ244LY	sad
3AA88CN98Q6TZDS9D7Q6WTO6P3YKYW	sad
3GONHBMNHW1OUR2HU555PDPCK2WZM6	angry
391JB9X4ZZBT5W3VU42V2Y1ZGTKKM6	happy
38O9DZ0A63QWZDEDIIPAD6IJ9TJ26S	angry
32XN26MTX0M7MOE6QZRYJ1712QOL0Z	angry
3V0TR1NRVB57PT53C9PAMQH3PQ5A4M	surprise
3YOAVL4CA1K8Q1DBO1593J8CYBC4ZH	happy
3IYI9285WT3LLQLMZU85YNWA7QGCJH	disgust
3RWSQDNYLAPCJ0J0767LRVPLBWRFFS	neutral
31J7RYECZMT7TDZOMIVYX6QB7IUL12	happy
3G4VVJO6P0JZQZ08MKUNJ2VULYVKP2	surprise
3DIIW4IV8QYMVBO1OXHN3O5M2YAI4Y	happy
33NKDW9FFYLMGAQBGYN6PW4PIOVCX5	neutral
3VLL1PIENRRCUUNT7LKIHHEHF2BZOL	surprise
3G57RS03HI80G9EZDZF5L04JDY825C	neutral
3PA41K45VO7BVKTO3Q5EFXQ8FEV7PJ	neutral
3L1EFR8WWU83IQSN4K7THZ3A8YWF90	surprise
3G3AJKPCXMV8LB36SF3QPCZASH84YQ	sad
3G57RS03HI80G9EZDZF5L04JDY852F	neutral
3OJX0UFJ00AS18PDZ92S3Z4DILB9UT	neutral
37SOB9Z0ST033GD39M9HLZ58528L3U	neutral
3GVPRXWRPIXJEY6KQVFU60PWT00I7I	fear
3FBEFUUYRL8L4G9HVXIPJO1HLHBA67	sad
3BO3NEOQM1K1X04IXYREGRRMU86IA9	angry
3AC6MFV69LL22D1638PSX8HG3GYHZG	happy
3TCFMTM8HFR1SRDGCCDTIAR21I321U	sad
3I7SHAD35NZ5AHWBBADMYTWDA9K7MN	sad
3MQY1YVHS4N25PV8E96IOM4BNUU2BD	neutral
3T5ZXGO9DFRFF609MYCM6M9HU3TZQT	disgust
3X4Q1O9UBIPTAKHNOQSZQXLI59Z7O2	angry
3FW4EL5A3MR8HCVCVGD7NT17TOH22B	neutral
3TFJJUELSISLFUNES92DZ6AT5FU2CK	neutral
3OCZWXS7ZPA6HV07N5XA0W3SJYZL5K	surprise
34OWYT6U3XKNSHUD5SDEKWG2OQOI9U	neutral
3ECKRY5B1RZ2Y8CQ9Q7DXKIV3TCZIQ	angry
3BVS8WK9Q1Y6GA9A3CRAB2BSCQRIB4	sad
33Q5P9PUSQPBL5QQHGBRMHK0QOTCZ2	disgust
3WKGUBL7S0POLCW790E0V4XEJ24L4F	fear
3RZS0FBRWLDH71OKU7DPVJIMGPMCPH	sad
3HEA4ZVWVEPSF6XMVIH3J77VX8Z55G	sad
30UZJB2POIFP1RAIHZTA4A9BJC853Q	happy
3YD0MU1NC3448GNME7NHP21DGSVA76	surprise
3S8APUMBJYMM6J7K24LP85Y0WYZFBA	happy
3L55D8AUFB0BGFGLLU988ABYKUPCYB	surprise
33IXYHIZB6L0CS7SO088PUAWQR72ED	happy
3XDSWAMB23V27DPZUKSEVO8WLL8CQ8	disgust
30Z7M1Q8UZN88US5OCFN32X8RC1A8T	neutral
3SZYX62S5H372AB5JBW0HRLROEU57V	fear
3OID399FXHAFLG54G0CV3VM0ZJBFDH	happy
39O0SQZVJOAW7X93GI93KSQNGWJ7RB	sad
3O2Y2UIUCRXNZMBE8HYI78HQJS8FKU	angry
3OQQD2WO8J91DF5XOJC4TJDGOYEI3D	sad
3I01FDIL6NBVKMTSS5XOJCSBQF6D2V	happy
3ZXNP4Z39SOL4ZEQBYC7YGHOA4UL7Z	happy
3AJA9FLWSD1WTRLQ8ED6US2DROJFIJ	sad
3Y7LTZE0YUP77Z7Q37WRGN66XOZZUY	sad
3MJ9GGZYO49XMFQG8V6MTBK55C9A2Q	fear
341YLJU21J2CSX9EKJYZA98OIKE2IM	sad
374UMBUHN6SFZTHRBOM90TJJ5S7CTM	sad
3T6SSHJUZGDG3ING9MJRXPF57GBIID	happy
3GV1I4SEOAS20Z0LSO7FS2HSFTAL60	sad
3CVDZS288I3IPABHTTBYML9U8X3FMZ	happy
3UEDKCTP9WTAKTW8QY06JG49L4P7KI	sad
3UL5XDRDNDMB2OGOTGO6VRHMZY058I	surprise
3LEG2HW4UGQSI67OJBSE7CVW2SM2FV	happy
30QQTY5GMLNONP1KKC48P3D7NVN7UF	neutral
32FESTC2NITUZ6WGBTCJ5P5LO6ECUD	surprise
39XCQ6V3KZ7OYAX001R8BDLVT3A56W	angry
3VGET1QSZ121FTQPFCJ97RY48BY7WE	neutral
32PT7WK7DNIK54PBW5BT2MX3WT6D36	neutral
3QTFNPMJC7LUC9NH66K52SECPS6ZN6	sad
301KG0KX9DOCW2YUE1GEAX79I7Z2HT	neutral
3RHLQY6EDU75N08FWJGCCRP9AT2D4R	neutral
36818Z1KV4GM7XMZCVKRCLPXBQ9A31	happy
3UQ1LLR26BB3N1COI1OR87JEBC0LAQ	sad
3TL87MO8CNSYJSTWTHAJM8U58SDFLX	sad
3JGHED38EEU54YLPUD1XSOJKJJY7YD	neutral
3N3WJQXELTTEIYHK5MVC2P0GZO8L2J	neutral
3GS542CVJWQBGTZYY8UKVNCXJ4I597	surprise
34F34TZU7X28N8TK21JZMANOVZ32JY	surprise
3MJ9GGZYO49XMFQG8V6MTBK55C92AI	sad
3NSCTNUR20QPLC93QE8KRINHPM05AM	happy
3A520CCNWO3PHV2W1F1NVCTU2FZAES	happy
3IKMEYR0LXY3YSZ2KMJBNPN1AO32KX	angry
3NSCTNUR20QPLC93QE8KRINHPM0A5R	neutral
3J94SKDEKJSNJJCFAOZMHJVNAPXD5W	sad
3TD33TP5DM5RASQCROZXU4N9ZIMABS	fear
3PMR2DOWOP4AJNTMHDYTEF1HXC454B	happy
3HXCEECSQNWOO8RVD8TGJ8CJTCAZYW	sad
31YWE12TE1FG4TVFPHFV9ACBHD47X7	sad
3VO4XFFP16PWVWU333K3F2GIKAH7QA	sad
3UUSLRKAUM626NQYYHEJF39J1VSD7B	happy
3UOMW19E6E9DER61AS4BXDD5PPL5CO	neutral
36JW4WBR07NWXWA62WVLUG1YRB4FHQ	sad
3TX9T2ZCBA4KZ3WVY7BSYBR3I4AZWX	disgust
3J94SKDEKJSNJJCFAOZMHJVNAPX5DO	happy
3PCPFX4U41T9AP99LMIF3UTZIY0FQM	sad
375VSR8FVXCFR7F9ZD1MBCJMQPVZRU	happy
39KMGHJ4R0DUPSPK165FLHFDZSD005	neutral
3PN6H8C9R5TKPPOW5KQ3PUB923YADZ	neutral
3BPP3MA3TDN6DET0Y6QD4Q95WRYLEL	angry
3I01FDIL6NBVKMTSS5XOJCSBQF62DK	angry
3EFNPKWBMTRQ6KOHKTNYNFDK24X030	happy
3RSBJ6YZEDT6PDWT69QBEPYZ3XIFOE	angry
35NNO802AWZ8HJY762WJ2XBMTF5INT	angry
3AXFSPQOYR1SO25WQWY66THD438FJV	sad
33CLA8O0MJE9MQO9Y17F8K34EK2FRN	disgust
3JUDR1D0D7UP9VXXXR38JBZA9UV2QP	happy
3BS6ERDL94AJ2NCTF79R9P9N6K8D6C	happy
34R0BODSP22SBPQF6JA6N1D8A1Y5EH	disgust
3AFT28WXLG5QZ4YJ7HWWHMBRJPAIO8	neutral
33W1NHWFYIOS7MS1326HBRK4EASZT7	neutral
3JYPJ2TAYJBOAD8UL93Q3P3PD2EFPV	neutral
3TC2K6WK9H5J3RX1BXM8XKEAFO982K	fear
3SNR5F7R93W4NDLUD3T0CAHDFN4IE4	happy
3OKP4QVBP30N19YN7ARBVFE6FVEAG9	happy
37SDSEDINA5CE6F5STMUS145NIV813	neutral
3XU9MCX6VPFPLWCXA6S8O19F5GX2RQ	neutral
3WGCNLZJKGBOV1BW91XAETI6Y9SD1E	surprise
386659BNTMKUWHA2XP9FZMYN4KJ018	fear
3B286OTISFKXSBOOFGCESS6M7NVAJD	happy
3I6NF2WGIHZQV3M6CE0UN4YKNHD5GY	happy
3M0556243TNO7SWH5UQYZ0YUDNDFNZ	sad
3P7RGTLO6FGS3VU6X1CQT76ZMCVAKC	neutral
3BO3NEOQM1K1X04IXYREGRRMU86AI1	angry
35A1YQPVFFJ4RUS1220X8GB02U55IQ	sad
3NQUW096N7BPII2JQVARCC8U5UIL9B	surprise
3D06DR5226MNTJU9IDP68KY3BHQAMH	angry
3P4C70TRMSK4XSPR41G14TUH97DLG2	sad
3UL5XDRDNDMB2OGOTGO6VRHMZY085L	sad
3OWZNK3RYMSH1O4EE0NDTCWZCF12UU	surprise
3BAWBGQGYM2O04QKP2EDLPFQ12W7V4	fear
35O6H0UNLTJ0M5C7KKLXKHQ0F9U5J2	sad
3MNJFORX8C7KH3QB1UUC5JY8M2D5FZ	happy
3N3WJQXELTTEIYHK5MVC2P0GZO82L0	happy
3IQ9O0AYW726CW3R3YIVBWHEIXRITU	surprise
3PN6H8C9R5TKPPOW5KQ3PUB923YDA2	neutral
3UXQ63NLABP86BHGOFON3I3KTULLBL	neutral
3TKXBROM5UDCYT7MR44R9QU5KV0IJP	neutral
3D1UCPY6GHC8O9TKFX0DGUJ2L2983V	sad
3VMHWJRYHWJTJMAL70D7X2PSF1NFXJ	fear
3P4ZBJFX2W6EUM5VXVHLVJBL6ZHFWQ	surprise
3GITHABACZO46YK5HZBRFH454J82N2	neutral
3N5YJ55YXH6TB1F9UE46LZN3G70ANH	happy
3D1TUISJWJ3LC9IG3385GS3G1BYIUL	surprise
3PUV2Q8SV57P8ZTOBYQZK5VFKLJDBX	angry
3UQ1LLR26BB3N1COI1OR87JEBC0ALF	surprise
3OCZWXS7ZPA6HV07N5XA0W3SJYZ5L4	sad
3UDTAB6HH72CLMDX12O8ESG62W709H	happy
3D42WVSDH9YIJR0VCWZ9GGW1H7HFYP	neutral
3Q7TKIAPOUD1L8F02BFTY8RKWFXLDS	sad
3HRWUH63QV5W5V3SZIDPDO7HOTZ5N6	surprise
3VZYA8PITP1TKZBLYCBR2CB4G0O05Q	disgust
3L4YG5VW9OVINWR8PUH5FVJFN6VDD4	disgust
3C8QQOM6JQ4ITJVMUPG4P57XOK5LIU	surprise
3ZICQFRS32LOTY109UVZXFLLZ6EZZN	angry
3JTPR5MTZTFVXPIP25L9LWQDUYU5K1	surprise
3QREJ3J43409ZELAUS1G2LMAGOULK5	angry
38RHULDV9ZIY4D7LY3N6YGODMR9IWK	angry
3TL87MO8CNSYJSTWTHAJM8U58SDLF3	sad
36KM3FWE3SF873P4M5QO0WP076J075	fear
3SX4X51T81CBTMFLVT4J0ON86H5AOW	happy
35YHTYFL1H61FX5Q7LCP9HS7ZQFFVG	neutral
3VAOOVPI30VKJK3SFSDHHLZP5OZLL8	happy
306W7JMRYZ1DR4XXUQFJYDHE9UM8BM	neutral
386T3MLZLOYC7HUNWAIUEWLVIQP08S	surprise
37OPIVELUV6115TYRG9TGFQ7UVRAH8	angry
31KPKEKW4BGV9FSUZM245YBWQWA0BR	disgust
30Z7M1Q8UZN88US5OCFN32X8RC18AR	angry
3WJGKMRWVJC8I4LUPYMUVP1X26JDC4	surprise
3VDVA3ILIEIR7LLNBRYIKEL3B18G1R	neutral
3UQVX1UPFTK1L2SYGT9T458SWQX02P	happy
3EKTG13IZV64P2LDF4EWHYEE5TPLMA	happy
37S0QRNUFCJUP6ZQREV97BRD1O188N	happy
31MCUE39BLPNHOZ2YVC187009LMG3J	disgust
32L724R85MN8K4AKMH9B6MGHTU6IPP	angry
37M4O367VKLQNDISNHYP09IHJ3P5M6	neutral
3EPG8DX9LLTW8GF5FXQHHDCCO805P2	surprise
38Z7YZ2SB45TKGBZMUO06R6RYQSIQG	sad
3MJ28H2Y1FBENG340XD2SD7ME345OL	happy
34HEO7RUG7XEQZ71NLLNUJSDH4PAR5	surprise
338GLSUI44ELN5OMDQ7KYU800MLFSB	angry
3K3G488TR3BH8SGKFA56HI2MT4M5QT	fear
3ZG552ORAN7HE3TEJQXIPYYIQMA2VJ	happy
3QE4DGPGBSE8ZKI6Y9HKICS6NLIG44	happy
3HYV4299H1ZBY79H4HH9ZLNZCRZ8EM	fear
3XQ4XW3ODAF1MBCAPVSDEBEBRIG2SE	sad
3JMNNNO3B27UTSTJ902EB0HWXVC2WT	neutral
3K1H3NEY7M2LZG1ZRKIDLGMC0YBDGE	sad
3E9ZFLPWOZVDTDCB88JS0Z2KVTFIXD	surprise
3087LXLJ6NJLMW4A4OO0OO2H5U20F9	sad
335HHSX8CE8ZZCWABQ0V6GYDFYODHD	surprise
3Y3CZJSZ9LWHKTVKSPU6M8CRPQO5RU	sad
375VMB7D4KMZV77UH8IG6SZSFB3DI6	happy
3K3IX1W4S7UTEMRMATHYPOSYGM1APD	sad
34D9ZRXCYSXQRE7E2ALSKTX9368AST	happy
3THR0FZ95QWSP56PSKT9923J0T4LOP	happy
36MUZ9VAE75NF258LPSPLD10NIWDEX	sad
308KJXFUJS9R6EKTRAQIUYTV5PMATI	angry
3ZUE82NE0B434L9DZS1FH38ZOSE8F4	sad
3VDI8GSXAGW9IL58AC7XZO8BP7E8G3	sad
3ZLW647WAMYX2URVZGRC636ZZ2H32N	disgust
3P7QK0GJ3UOYNNYOKNMLA4BEEXG2ZJ	angry
3YZ7A3YHR6WTL8VX7EUBCIHNBS75SI	neutral
3R15W654VEWVAHJ57XLDY7YJFUMLQX	happy
3WGZLY9VCIP661VH8M6PT35ECFY8DT	sad
3FVBZG9CLKH50SVGZEC0R9EUL9F0H7	neutral
3JAOYN9IHM5MNCNE3G5HPDBR5GH33Y	disgust
3ICOHX7ENDETGI4E9D4U66HHTTN0ER	disgust
3KVQ0UJWPYOMSPC6RJ4C97K8H535WX	neutral
3SD15I2WD3XLKVAWMI3FWGNBF7J364	angry
3BFNCI9LYLT4OVO15S872UN7AI3373	surprise
35XW21VSVHH7NXYIZ1AIT7DKXI7LSM	sad
3IVEC1GSLQ21YNBOJXJLHRDJ3TPJ1Y	happy
3DWNFENNE4YIQM876F2NFPKMFDZJ4B	neutral
3TRB893CSKD5I70P07FRLOCGEN8G7O	neutral
3OPLMF3EU6QA7K6DR5TWUD3EAJZLNA	sad
3X7837UUAE1W59CLP3V2CN40B45J6W	sad
39HYCOOPKPOLRQXL2NG8YL69WKNDMM	happy
3JVP4ZJHDQV5WN605WULRLF9LMU0I0	happy
34F34TZU7X28N8TK21JZMANOVZ3J2F	neutral
3VDI8GSXAGW9IL58AC7XZO8BP7EG8B	surprise
3JMQI2OLF08R98ILEOV8B0V91AXDNM	sad
3D17ECOUOFYQD99ZGCRY1KWU7W3316	happy
3IV1AEQ4DSGJ9NV9IIS0W10RHZV8J7	angry
3W3RSPVVGTUN2AQMO65I88V8IFSLU2	happy
3VJ4PFXFJ4A66RZIRFGSZUFXO3TAU9	surprise
3W0KKJIARSCEK71R03SCXG04WOV8K6	sad
37J05LC5AYMVQIR0ZQ3GITESSQSDJI	neutral
38VTL6WC4BGQHU766KM0U45OSD35YW	angry
3IV1AEQ4DSGJ9NV9IIS0W10RHZVJ8I	happy
3E9VAUV7BXHNN0JN1GDH2FLAKR4AY7	happy
3OREP8RUT3ESKJ3FDOR7QQYCXDZGBA	happy
3421H3BM9BKJNSEJNAYEWXV215DJ97	angry
3APP19WN72HME7MKHXAZFACKJCOG6P	neutral
3MYASTQBG8ECC5VDUGNPFUQE6LKDQ9	neutral
382GHPVPHTU7586I3UA0ZI3XJGD34J	sad
3D4BBDG7ZIZA0CJXW9GIIGFLBTU3CW	happy
3EHIMLB7F82NIH0JUIPFKOKC47R8H2	angry
3QGTX7BCHQ5QMKHB26OJ8BEQY775ZN	sad
3L7SUC0TTVXRS6WRQBSDJEMQ2VE0MG	angry
35O6H0UNLTJ0M5C7KKLXKHQ0F9UJ5G	happy
3NI0WFPPIAJP33BZ3VLWUIP4CVZ60C	angry
3B9XR6P1WFY2BLTGLUCAN3QSP5GJBH	happy
3IHWR4LC7EGNECB30070K0LR4K68IV	neutral
30Y6N4AHYQZCO6AD7VCPKK0J27MDRA	angry
3XEIP58NL1Q4O9KWUT4QP0ANKX7LZR	disgust
3D1UCPY6GHC8O9TKFX0DGUJ2L2938Q	neutral
3L7SUC0TTVXRS6WRQBSDJEMQ2VEM02	disgust
3VCK0Q0PO6HXAOHR2C7DWTBQ7LO0NG	neutral
3WRAAIUSBK2YNVTDWKRFJ1E1ILAAX1	angry
3ZQX1VYFTE8XAYM6YVK54XHDGT58OQ	happy
3KTCJ4SCVH4RZVH9MUWDXJ507NKM15	happy
31S7M7DAGHT82XBXO1F83C96Z1LLTB	neutral
37J05LC5AYMVQIR0ZQ3GITESSQSJDO	angry
36FQTHX3Z4URQ7RRI9KN7W93T8UB3X	sad
3XEDXEGFX4RW2IWO5ZFX41UMDQJ0KB	sad
32PT7WK7DNIK54PBW5BT2MX3WT63DW	angry
3WPCIUYH1BBP4LN5BKHKKZ11QSJDTN	sad
3WUVMVA7OC6NSQTSX2F0GMUCQL8AZY	sad
3N7PQ0KLI6SPXA3BS0MD84FOW573EP	sad
3AXFSPQOYR1SO25WQWY66THD438JFZ	neutral
3GKAWYFRAQWRCTUYU380FP041PYDPI	angry
3M4KL7H8KWQPASWHZEPW8N8EHN561F	happy
3SD15I2WD3XLKVAWMI3FWGNBF7J637	fear
31JUPBOORO7P4DJ9L34DCGDJLO08L9	neutral
38O9DZ0A63QWZDEDIIPAD6IJ9TJ62W	sad
3CKVGCS3PH8UQ19WA8OZVNLWUKW0SS	sad
3NFWQRSHVFHIX0FVIQD39GPXCBRGFS	fear
3VGZ74AYTHJBUOVLRON21A4UFYZGCH	happy
3H5TOKO3DAM62RT0MW8Y6LFHT7F64S	neutral
37M4O367VKLQNDISNHYP09IHJ3PM5N	sad
3IYI9285WT3LLQLMZU85YNWA7QGJCO	neutral
36GJS3V78WTY221R1G4OOEHP5I8JGY	sad
3B623HUYJ5TC8QEZ5C1EO2REDI88SN	neutral
3NZ1E5QA604U4MEVWS8GMT7N74LB5N	sad
3XABXM4AJ280VAZMD8C9T2CDVUN8QY	surprise
3UYRNV2KIU2FSDMUXGKSP8H8QJ08NB	sad
306996CF6XNVG4DCV564J3U6VOGB15	surprise
3BA7SXOG1KT07BEMQN19YSMIRGP8RZ	surprise
3FI30CQHVLMQNQE91BILEZLN3ZWB63	sad
30U1YOGZGBZOPLAQMKCUAU5FO95DSY	neutral
32K26U12DOR4HDRUGFHZLHPMNDZDV3	sad
37SOB9Z0ST033GD39M9HLZ585283LC	happy
3MQY1YVHS4N25PV8E96IOM4BNUUB2M	neutral
3PKJ68EHDOZC2YW2LMM69ETQKILJHX	neutral
373L46LKP8934OXAR7P3M69ICZPJK1	happy
304QEQWKZQNFS9H33R7QBIBVXVT0OV	sad
38B7Q9C28H87ZXZC3R4PNTQXFZT69O	neutral
3Z56AA6EK53M6HI6S08USFWHFY0M63	neutral
31MCUE39BLPNHOZ2YVC187009LM3G6	happy
39XCQ6V3KZ7OYAX001R8BDLVT3A65X	happy
3FBEFUUYRL8L4G9HVXIPJO1HLHB6A3	happy
3SA4EMRVJW5XD9T4IRK50IGL70P0PC	neutral
3I7SHAD35NZ5AHWBBADMYTWDA9KM72	surprise
3VW0145YLZFYUCXDCJ2J1J1M14KJM6	sad
3R0WOCG21NC44Y2UBP7UPVN396QDUE	neutral
3S829FDFT34WL2WPGUIH92M73O7DX6	sad
3KL228NDMWPTDM79J140PTH2K78GKU	happy
3AQN9REUTGJLL7MZLQ4JSGTG5U1DYC	neutral
35JDMRECC5CQRMFZNFTXRY4X0ACGEA	angry
3KTZHH2ONJI9AV1ULF5SCTS8LTQM8P	happy
38F60IALAHKV51MBZ8TP5SHIW3A0TH	happy
306W7JMRYZ1DR4XXUQFJYDHE9UMB8P	surprise
3P4C70TRMSK4XSPR41G14TUH97DGLX	happy
3JY0Q5X05K9OB0BQTAJLR1P9DQRGGR	sad
3MDWE879UI5D59G7ZILXY9CPT04B9E	neutral
3FI30CQHVLMQNQE91BILEZLN3ZW6BY	sad
33QQ60S6ATLA5E10ZDJZAO3KFHH0U8	surprise
3ATYLI1PRU5MUFIPPZHWTNQRW4ZJOL	happy
3APP19WN72HME7MKHXAZFACKJCO6GF	disgust
341H3G5YF1HRRDVA50I7RGIZHZW0ZX	sad
32204AGAACF2BW61DG13C11ASQ4GHQ	neutral
38DCH97KHI5PFRV54C90ISLRB5HJQT	sad
3HY86PZXPZLTN7PW5W8UKB0RYLTE18	sad
3YKP7CX6G3I9RQSEKLNDKDLJYAGB72	sad
32ZCLEW0B0N4FFUQ4ZUBINVH69VJP2	disgust
3NBFJK3IOILC3DSOHTWTWAYB4CIGOE	surprise
3EAWOID6MU0AITQ043T46A53TOQ0VX	happy
3MD8CKRQZ0QPRSA5HRY0NIVW7RJJRU	sad
3N7PQ0KLI6SPXA3BS0MD84FOW57E30	happy
3YGE63DIN90NXIQ5UDY0SCOH0XS0W7	happy
35ZRNT9RUJ1B91G0MEP9DG9207D3OT	sad
3TKSOBLOHMJWT2V4X2ZTPF7FH07BBO	neutral
3CMV9YRYP44EOUFSC71416MX1ZUJL4	surprise
3L2OEKSTWAD94CQ84IT36OFFU348Y1	neutral
360ZO6N6J2M9O0K4Q7B6CPNJ5Z8M9E	surprise
36GJS3V78WTY221R1G4OOEHP5I8GJV	disgust
3PUV2Q8SV57P8ZTOBYQZK5VFKLJBDV	disgust
3UDTAB6HH72CLMDX12O8ESG62W790Q	sad
32CXT5U14H6SN363UHWE3392YFT8U3	fear
37SQU136V8RU36VKT8DFDRHX9CP11C	disgust
3M7OI89LVZR9XV6FFBEGPJR5LKW6C5	neutral
3X55NP42EPJTU1S11E2O2GESAC93PA	happy
3HJ1EVZS2PME6E8GE66D7BE7BUX3R2	sad
3BS6ERDL94AJ2NCTF79R9P9N6K86D5	sad
3ACRLU860OHU057O7T1JQND0KXKBEO	surprise
3B9XR6P1WFY2BLTGLUCAN3QSP5GBJ9	neutral
3ICOHX7ENDETGI4E9D4U66HHTTNE05	disgust
3S8APUMBJYMM6J7K24LP85Y0WYZBF6	sad
39HYCOOPKPOLRQXL2NG8YL69WKNMDV	surprise
3OREP8RUT3ESKJ3FDOR7QQYCXDZBG5	sad
3IJ95K7NDYFULSSCGEWGHLY6E2DGNZ	happy
3ZVPAMTJWO6F0QK49LDXQ53GFZ2GRN	angry
3HFWPF5AKAMQ7T8TTV6IXLJ3XWG3SQ	happy
3E6L1VR4XXPG07QP6D4HXPC8IXO6FG	neutral
3DA79LNS5AYRMTL8IVB87QFPZFU3TF	angry
3TD33TP5DM5RASQCROZXU4N9ZIMBAT	surprise
3DFYDSXB2X3H7K2MLLT5STIGEQNJUY	surprise
3BCRDCM0OEXRGTI37OVED24DQT56KI	neutral
3PEG1BH7AFUXM5ZY3FCMOIQ54UGBK8	happy
3D06DR5226MNTJU9IDP68KY3BHQMAT	neutral
3FJ2RVH2509JHWGBGPSMXG9LZUR92A	sad
33K3E8REWXYK470YZM71NA86SXA8XV	fear
3D17ECOUOFYQD99ZGCRY1KWU7W3134	surprise
309D674SH0OF37NAB2VO0ZDXZL7BCV	surprise
3JMQI2OLF08R98ILEOV8B0V91AXNDW	neutral
3A520CCNWO3PHV2W1F1NVCTU2FZEAW	fear
33NOQL7T9P29920D04VMKVOH0X88ZS	sad
3O0M2G5VC75TKAVYK3BAQV6JJ8N946	neutral
3D7VY91L660SCTZ1ORP23VI9TZBBMD	surprise
3LN3BXKGC1YK8M1Q8FN3D4BX7EHGWQ	surprise
3XT3KXP24010AYSF7LA20MP0YPG6I7	sad
344M16OZKJIW1EWLAJ6SHIDU1MYNEP	happy
3OZ4VAIBEYIHKZRMQB3AOFKZSXWJVN	neutral
3X7837UUAE1W59CLP3V2CN40B456JJ	surprise
3RIHDBQ1NF12362NOJZYP6L7OCGMH4	neutral
3NCN4N1H1HKYUBK10S42GA79YPLBND	neutral
3LVTFB9DE6LFOP54W6OXLFTBJD0GQM	sad
38B7Q9C28H87ZXZC3R4PNTQXFZT96R	neutral
3BVS8WK9Q1Y6GA9A3CRAB2BSCQRBIX	happy
3M0556243TNO7SWH5UQYZ0YUDNDNF7	neutral
3EN4YVUOUDV9OOWHQQ4SC0HK884JXQ	disgust
3TCFMTM8HFR1SRDGCCDTIAR21I312T	surprise
33BFF6QPI2EJEAP2D0GJUAMO39C3W5	neutral
3XABXM4AJ280VAZMD8C9T2CDVUNQ8G	sad
3Z8UJEJOC0G82ECUKP6RGQED58R93L	angry
3M67TQBQQIR8MZBFT4L13YSJBIJ9AH	fear
3CVDZS288I3IPABHTTBYML9U8X3MF6	sad
35NNO802AWZ8HJY762WJ2XBMTF5NIY	neutral
3JHB4BPSFLC09FIWI0INTY7OF05Q95	sad
3VMV5CHJZ9ISG5XWDAISQK4Y3KZGT0	sad
3PGQRAZX03NRNW5HIGZ8NFFG6XBSYL	angry
3TZ0XG8CBVNU3BI0W61N77MOLUJ98D	happy
335VBRURDK3BCCSR99NNZHIAWXHE9H	happy
3MDWE879UI5D59G7ZILXY9CPT049BC	happy
3EQPA8A375ZYTJWWR8SD9LXVG82JZN	sad
3R868ACW4TFO2H6VJ27AC85FOGLGZG	happy
3UXQ63NLABP86BHGOFON3I3KTULBLB	happy
37Y5RYYI0Q82NRF7DKD641874RHSXF	fear
3MYASTQBG8ECC5VDUGNPFUQE6LKQDM	happy
34O39PNDK7BJ99CTTZLJPUCJZMABR1	happy
37ZQELHEQ11UD2OYRHUBUQI3AOPNME	surprise
38EHZ67RINVO3A7C4DHG46969C3MG5	angry
351S7I5UGAZ4CUIDOKHJEYQM6UUNJA	fear
30F94FBDNSNWPOPLXOQEP9D1N77BTE	surprise
3J6BHNX0UAVZNEOV65HVFDQZLJUNK9	surprise
3RDTX9JRTZ4Q3XDHM19HT7QTAAD97Q	neutral
35JDMRECC5CQRMFZNFTXRY4X0ACEG8	angry
3VO4XFFP16PWVWU333K3F2GIKAHQ7T	disgust
3IKMEYR0LXY3YSZ2KMJBNPN1AO3K2F	sad
3QGHA0EA0K3OH5TFSTVPCTK0R1PBW4	neutral
3ACRLU860OHU057O7T1JQND0KXKEBR	happy
3VQTAXTYN4OBP14AXTGOU5Z36LEBU5	happy
3SNR5F7R93W4NDLUD3T0CAHDFN4EI0	sad
3LVTFB9DE6LFOP54W6OXLFTBJD0QGW	happy
3W5PY7V3UQAYOTMRVMQUVEOTAEYJYW	sad
34ZTTGSNJYRTOL0FGC6F6F5CYDDQHV	happy
329E6HTMSX5SJAVLOMXG6ZSTG23K3Q	surprise
3R16PJFTS4UD16EPO02ZG4KZU2ZK4B	neutral
3VIVIU06FLF2Z1D7U1HJPIMMOPVMIX	sad
371QPA24C3RVCQ7TVRXPJX0S1VGT1D	neutral
36MUZ9VAE75NF258LPSPLD10NIWEDY	angry
3MWOYZD5WWRID59A4X9OMU785O4NOT	disgust
3DA79LNS5AYRMTL8IVB87QFPZFUT35	happy
3R4QIDVOJQFS78J8HK39RVJLNUXEER	neutral
3WYZV0QBFKG365Y52YRBECY703VBXX	neutral
3XEDXEGFX4RW2IWO5ZFX41UMDQJK0V	sad
301KG0KX9DOCW2YUE1GEAX79I7ZH28	happy
3XDSWAMB23V27DPZUKSEVO8WLL8QCM	disgust
3XUY87HIVQHOVK3YFGFBHBT35YFMMD	happy
3UUIU9GZC68U088CWEZ1MND9DBLT5V	neutral
3PCPFX4U41T9AP99LMIF3UTZIY0QFX	happy
3TLFH2L6YAR21BPPEVX3OGAXT1UT2U	disgust
3YGYP13642CLAI1QWPQSGPCDGBONR2	neutral
371Q3BEXDICRSMFME21R1MOICRFSZC	happy
3KG2UQJ0MKRLYHMQJA1SBZ28KPMNQ1	sad
3W0XM68YZQYW97H61IJXI6DWIIPK1Y	happy
39I4RL8QGKKMZGDHIFZ23C472LVH44	neutral
3JTPR5MTZTFVXPIP25L9LWQDUYUK5G	angry
38F60IALAHKV51MBZ8TP5SHIW3AT0A	neutral
3FVBZG9CLKH50SVGZEC0R9EUL9FH0O	neutral
3X0EMNLXEQSD6AUKLO8ULB6B1W2VPZ	neutral
3INZSNUD81T6K6ERDEC3TZ0PWLG9DJ	neutral
3HKIF5DF6Z09WQOIF4DBZK3M9DW9GT	angry
3H4IKZHALCL0VK9Y3I9B7573FEZNNE	angry
3KG2UQJ0MKRLYHMQJA1SBZ28KPMQN4	happy
3TFJJUELSISLFUNES92DZ6AT5FUC2U	neutral
38DCH97KHI5PFRV54C90ISLRB5HQJ0	angry
35F6NGNVM9M9NCMVK7EYK7R54HGT7A	angry
3BPP3MA3TDN6DET0Y6QD4Q95WRYELE	angry
3E22YV8GG290Y5LBJXM3BUCYFT0NPA	sad
3D4BBDG7ZIZA0CJXW9GIIGFLBTUC35	sad
3EGKVCRQFXVS6AOF7UDDXQ5G29PBY3	sad
3TTPFEFXCUN0E3HV13SH0AOLYC1H6P	happy
3U74KRR67NOYQXEI0EVNG4DV4WLNTF	sad
3R15W654VEWVAHJ57XLDY7YJFUMQL2	angry
3K8CQCU3KF4QIEICVJ0Y3OKU8Q3NW5	neutral
3P7RGTLO6FGS3VU6X1CQT76ZMCVKAM	fear
3KQC8JMJGDV1HKUDI1UJT7C1OLZH3J	angry
3HEM8MA6HAFL12Y3ZPEKFO73K4NQP0	angry
3I7KR83SNBGEYCK15VYQXCVFGUDK97	surprise
3ABAOCJ4R97FGZ1Q79MSYKD8FZCMQ0	surprise
3ABAOCJ4R97FGZ1Q79MSYKD8FZCQM4	happy
3PIOQ99R7ZPDQAT70JLXL0ZXNASNU6	neutral
3EHIMLB7F82NIH0JUIPFKOKC47RH8B	angry
37ZQELHEQ11UD2OYRHUBUQI3AOPMND	happy
3HEADTGN2QVYINAZYGCJQ66Q2EQVRR	happy
3UOMW19E6E9DER61AS4BXDD5PPLC5V	angry
34XASH8KLRPUGN0B7W73YFNYA3QMP9	sad
3L1EFR8WWU83IQSN4K7THZ3A8YW9FU	neutral
3CVBMEMMXCJJI3V0KDX96OOHTNLH7O	sad
3W31J70BATZGWAR4HF8HZ2WNMFGKCO	happy
3YCT0L9OMNCXBX13BEQX6ZH92D7NSQ	happy
359AP8GAGHNS1VKKYLJ8VXR1GVGC7A	sad
3MDKGGG61RQQJC8Q1X96ETR996WT6B	angry
3OB6JN3A9RSFS0GQKOBS3ANDBLEMR1	neutral
37G6BXQPLROH4B9DQBY9LC8Z6XLEQ3	happy
3LG268AV399HGCOD3QN9Q2I42JNER4	sad
32W3UF2EZPOVI821WNL1SL7RPTQC4Q	neutral
39WSF6KUV3OEJZWXBY65W7DZRW3EOV	neutral
3SU800BH87VYT76ZGBDEPUU2SLFQUW	sad
3UZUVSO3P8YQJWBLYIRS43OUWWOEMG	fear
31ODACBENVIIEUEVR6IEATCE7OUQSG	neutral
3H781YYV6ULUWR157FS4QHJMQ4KTEW	neutral
33EEIIWHK8AY6MVZL1NJLGWL6SOVQQ	disgust
374UMBUHN6SFZTHRBOM90TJJ5S7TC3	neutral
3PEG1BH7AFUXM5ZY3FCMOIQ54UGKBH	neutral
3QQUBC64ZFH57EN25OWK57Y1HS9NXY	surprise
3NSM4HLQNSX61EZIZ2T9FTXDP09QQR	angry
3XJOUITW8VUJTURAG6N4KY80978QT5	neutral
3D5G8J4N5B7BY2NR25HEQL78QZNVT4	angry
30F94FBDNSNWPOPLXOQEP9D1N77TBW	disgust
3FDWKV9VCO578S87OI6X8LAXIKIMU5	happy
31SIZS5W5AI6DFEICHI9KJ7ILMBQRS	happy
3M7OI89LVZR9XV6FFBEGPJR5LKWC6B	neutral
37VHPF5VYD6W19P38QBE9XNWRFMC8X	happy
3SR6AEG6W6W2XNR17MN9J18EXMUYH6	happy
388FBO7JZSWU7JDCAKIMOL5AJY3NY4	angry
3K2CEDRACC4S8FTIODGN3POVZ6BMTE	neutral
3WRKFXQBOCA2TI2LD45UJD9TXZ9YIZ	surprise
3WPCIUYH1BBP4LN5BKHKKZ11QSJTD3	sad
