TaskID,Estimate_label
302U8RURJ04D3PI759V2HM1G13KNVM,disgust
302U8RURJ04D3PI759V2HM1G13KVNU,angry
304QEQWKZQNFS9H33R7QBIBVXHCO0A,fear
304QEQWKZQNFS9H33R7QBIBVXHD0ON,disgust
306996CF6XNVG4DCV564J3U6VA01BN,happy
306996CF6XNVG4DCV564J3U6VA0B1X,neutral
306W7JMRYZ1DR4XXUQFJYDHE9G68BE,angry
306W7JMRYZ1DR4XXUQFJYDHE9G6B8H,neutral
307FVKVSYSIP6R7556DQCZFDO4J74K,sad
307L9TDWJZVTRGGOLZPWYR9XAJS3N6,surprise
3087LXLJ6NJLMW4A4OO0OO2H5GM0F1,neutral
308KJXFUJS9R6EKTRAQIUYTV5B5TAS,neutral
308KJXFUJS9R6EKTRAQIUYTV5B6ATA,happy
309D674SH0OF37NAB2VO0ZDXZ7RBCN,angry
30EV7DWJTWYM0Y7KB3W5MAJOOUXY6W,neutral
30EV7DWJTWYM0Y7KB3W5MAJOOUY6Y5,disgust
30F94FBDNSNWPOPLXOQEP9D1NTQTBN,happy
30OITAWPBR6NWMJTZAVTKKFNOZT9HK,surprise
30P8I9JKOJO9D0C119ZGN51UAIL5VF,fear
30U1YOGZGBZOPLAQMKCUAU5FOVPDSQ,sad
30UZJB2POIFP1RAIHZTA4A9BJYS35G,neutral
30Y6N4AHYQZCO6AD7VCPKK0J2T6DR2,sad
30Z7M1Q8UZN88US5OCFN32X8RYL8AJ,sad
30ZKOOGW2X9QXU8KPR68OSA0DSF1AS,fear
311HQEI8RTJ59OVUQZ3G6VSMPZLZ7N,happy
31ANT7FQN954VZHHWKIC84AL23A5HP,disgust
31D0ZWOD0B2QQ5N2T828ANRQ8090AO,disgust
31GECDVA9KPKHEXE5K1D3JZVPK5665,angry
31GN6YMHLQVNYRAH3FHK2IU0VBUWSH,angry
31HLTCK4BMY7TX1LI5I7R2SJ0RYVGM,fear
31HLTCK4BMY7TX1LI5I7R2SJ0RZGV8,surprise
31J7RYECZMT7TDZOMIVYX6QB74E1LA,neutral
31JUPBOORO7P4DJ9L34DCGDJLAK8L1,disgust
31KPKEKW4BGV9FSUZM245YBWQIU0BJ,happy
31KPKEKW4BGV9FSUZM245YBWQIUB0U,angry
31KSVEGZ35VBXCA4OQHFC8P499BWRT,angry
31MCUE39BLPNHOZ2YVC187009763GY,disgust
31ODACBENVIIEUEVR6IEATCE7ADQS7,fear
31ODACBENVIIEUEVR6IEATCE7ADSQ9,neutral
31S7M7DAGHT82XBXO1F83C96ZN4TLA,sad
31SIZS5W5AI6DFEICHI9KJ7IL8UQRJ,neutral
32204AGAACF2BW61DG13C11ASCOGHI,angry
322ZSN9Z5HNC4P4CI9GRHV7VD19T4H,neutral
324N5FAHSYECVJX48W3MPUKC78FVKP,sad
329E6HTMSX5SJAVLOMXG6ZSTGON3K1,angry
32CAVSKPCFSAC3MIVWNZOTMUKV6U1W,angry
32CAVSKPCFSAC3MIVWNZOTMUKV71U4,neutral
32CXT5U14H6SN363UHWE3392Y1D8UV,happy
32K26U12DOR4HDRUGFHZLHPMNZIVDC,neutral
32K26U12DOR4HDRUGFHZLHPMNZJDVV,angry
32LAQ1JNTASBLNYRXF79UZ5PCEXTU4,disgust
32PT7WK7DNIK54PBW5BT2MX3WFQ3DO,angry
32TMVRKDGO1T65COFB5WQZB8ZOP484,surprise
32TMVRKDGO1T65COFB5WQZB8ZOP848,sad
32TZXEA1OMNBV5S3GQWHBPO0LIJ14H,angry
32TZXEA1OMNBV5S3GQWHBPO0LIJ41K,fear
32W3UF2EZPOVI821WNL1SL7RPFA4CA,happy
32XN26MTX0M7MOE6QZRYJ1712C80L6,fear
32ZCLEW0B0N4FFUQ4ZUBINVH6VFJPU,happy
334ZEL5JX7IFTI1FCTQALOHES9VSO1,neutral
335VBRURDK3BCCSR99NNZHIAWJ19E4,happy
335VBRURDK3BCCSR99NNZHIAWJ1E99,neutral
336OE47KI3N3QJRLXAMPD5E7UFOVWL,happy
337F8MIIM0GBOG7LK7SHXK5QGQD04D,neutral
337F8MIIM0GBOG7LK7SHXK5QGQD40H,sad
33BFF6QPI2EJEAP2D0GJUAMO3VVW3P,happy
33BFF6QPI2EJEAP2D0GJUAMO3VW3WX,fear
33EEIIWHK8AY6MVZL1NJLGWL6E7QVC,disgust
33EEIIWHK8AY6MVZL1NJLGWL6E7VQH,happy
33IXYHIZB6L0CS7SO088PUAWQDR2E5,fear
33IXYHIZB6L0CS7SO088PUAWQDRE2H,sad
33J5JKFMK71EUDTG1RHD2L42FUF3QT,surprise
33K3E8REWXYK470YZM71NA86SJU8XN,happy
33KGGVH24VK2T7GD01YM80LYEDO1XW,happy
33KMQD9OFKHMPEPO74BXFBZNF69774,sad
33N1S8XHHNORY2GS1JM75L19MDLZ1Q,disgust
33N1S8XHHNORY2GS1JM75L19MDM1ZT,disgust
33NKDW9FFYLMGAQBGYN6PW4PIAEXCH,sad
33NOQL7T9P29920D04VMKVOH0JRZ8A,neutral
33NOQL7T9P29920D04VMKVOH0JS8ZK,neutral
33Q5P9PUSQPBL5QQHGBRMHK0QACZCG,neutral
33QQ60S6ATLA5E10ZDJZAO3KF30U0T,happy
33QQ60S6ATLA5E10ZDJZAO3KF310U0,angry
33TGB4G0LQK32RSM2KIWE64T6WETXW,sad
33TGB4G0LQK32RSM2KIWE64T6WEXT0,surprise
33W1NHWFYIOS7MS1326HBRK4EWCTZT,fear
341H3G5YF1HRRDVA50I7RGIZHLFZ0N,happy
341H3G5YF1HRRDVA50I7RGIZHLG0ZP,sad
341YLJU21J2CSX9EKJYZA98OI6Y2IE,fear
3421H3BM9BKJNSEJNAYEWXV21RX9JP,sad
3421H3BM9BKJNSEJNAYEWXV21RXJ9Z,neutral
344M16OZKJIW1EWLAJ6SHIDU18IEN8,neutral
34F34TZU7X28N8TK21JZMANOVLN2JQ,neutral
34HEO7RUG7XEQZ71NLLNUJSDHQ8RAD,sad
34O39PNDK7BJ99CTTZLJPUCJZ8TRB8,fear
34OWYT6U3XKNSHUD5SDEKWG2OC89ID,neutral
34R0BODSP22SBPQF6JA6N1D8ANI5E9,happy
34R0BODSP22SBPQF6JA6N1D8ANIE5I,surprise
34R3P23QHT4Y8IW1SL5LY4NYM0DWHW,surprise
34YWR3PJ29D2MIVV4IUMUV2O9LI0XS,sad
34ZTTGSNJYRTOL0FGC6F6F5CYZWQHM,disgust
3511RHPADWHVMIY5KCAD3X8OB27LRP,disgust
351S7I5UGAZ4CUIDOKHJEYQM6GEJNY,surprise
3538U0YQ1GXH3O37NB6JQM0O8S63FZ,happy
3566S7OX5EM8ESAMIOUOE18ACK9171,neutral
3566S7OX5EM8ESAMIOUOE18ACK9717,surprise
356TQKY9XG0QPSU7H933TBVIQQF78R,surprise
356TQKY9XG0QPSU7H933TBVIQQF87S,happy
356ZPKYPUIKUA4PPQZVESAA5JZNYP2,disgust
359AP8GAGHNS1VKKYLJ8VXR1GH07CX,neutral
35A1YQPVFFJ4RUS1220X8GB02GP5II,angry
35F6NGNVM9M9NCMVK7EYK7R543ZT71,surprise
35JDMRECC5CQRMFZNFTXRY4X0WWEG0,neutral
35JDMRECC5CQRMFZNFTXRY4X0WWGE2,disgust
35O6H0UNLTJ0M5C7KKLXKHQ0FVEJ58,sad
35U0MRQMUKAVLAIJ6OVFWB1LRDPVO9,neutral
35XW21VSVHH7NXYIZ1AIT7DKX4QLSD,neutral
35ZRNT9RUJ1B91G0MEP9DG920TWO35,neutral
35ZRNT9RUJ1B91G0MEP9DG920TX3OL,sad
360ZO6N6J2M9O0K4Q7B6CPNJ5LS9MT,fear
362E9TQF2IT27RHLJYJOCD2PSP3GIB,surprise
363A7XIFV5P6J6OIW5QXVGHG2WLVAA,neutral
363A7XIFV5P6J6OIW5QXVGHG2WMAVQ,sad
366FYU4PTHSVT8BID6ECPQWQ7DDEK3,angry
36818Z1KV4GM7XMZCVKRCLPXBCT3AM,sad
368IUKXGA6BSRKFJKG0M9JQCKPV6PB,neutral
36AZSFEYZ53B2GTA2JQTQR1MKE6VB5,disgust
36BTXXLZ2WBZOARKEKBWHG6DPGCR42,happy
36BTXXLZ2WBZOARKEKBWHG6DPGD4RG,angry
36D1BWBEHO4YOGZ55YWR22F5ZFI2MU,neutral
36FFXPMSTARQ39NZ1ZEBHAACJYEOHC,fear
36FQTHX3Z4URQ7RRI9KN7W93TUE3BH,surprise
36FQTHX3Z4URQ7RRI9KN7W93TUEB3P,happy
36GJS3V78WTY221R1G4OOEHP54SGJN,neutral
36GJS3V78WTY221R1G4OOEHP54SJGQ,fear
36KM3FWE3SF873P4M5QO0WP07S307X,fear
36KM3FWE3SF873P4M5QO0WP07S3704,neutral
36MUZ9VAE75NF258LPSPLD10N4FDEO,surprise
36MUZ9VAE75NF258LPSPLD10N4GEDQ,happy
36QZ6V158AGA6NLC8F2JKU93AVJSUE,surprise
371DNNCG455DNQREUC64Y7N0FN5T8O,happy
371DNNCG455DNQREUC64Y7N0FN68T4,sad
371Q3BEXDICRSMFME21R1MOICDYSZ3,neutral
371QPA24C3RVCQ7TVRXPJX0S1H01TD,angry
371QPA24C3RVCQ7TVRXPJX0S1HZT14,sad
372AGES0I58QMCFUYVD1ER3BIBHXRN,happy
373L46LKP8934OXAR7P3M69ICL9JKT,disgust
374UMBUHN6SFZTHRBOM90TJJ5EQTCU,sad
378G7J1SJM1MO85Z2KXFD1QLUKLWEG,happy
379OL9DBSTH9IH9I9AZH6KAQEV5Y97,happy
37AQKJ12TYRWLAJ2XAHZP3JNT0QTTD,sad
37G6BXQPLROH4B9DQBY9LC8Z6J4QE6,fear
37J05LC5AYMVQIR0ZQ3GITESSCCJDG,neutral
37M4O367VKLQNDISNHYP09IHJP95MY,fear
37MQ8Z1JQFZYIXOJO1K2WX2C8PVY2F,sad
37NXA7GVSU9NFPFMTWFN4UXRW8KVLS,surprise
37SDSEDINA5CE6F5STMUS145N4F18O,sad
37SDSEDINA5CE6F5STMUS145N4F81V,sad
37SOB9Z0ST033GD39M9HLZ585OS3L4,sad
37SQU136V8RU36VKT8DFDRHX9Y9114,surprise
37VE3DA4YVK6KFYQXU9PBQADCZWBHW,neutral
37VHPF5VYD6W19P38QBE9XNWR168CL,happy
37VUR2VJ6BSEQ95I952ZUN0ODV01CU,sad
37Y5RYYI0Q82NRF7DKD641874D0SX6,neutral
37Y5RYYI0Q82NRF7DKD641874D0XSB,neutral
382GHPVPHTU7586I3UA0ZI3XJ2X34B,angry
382GHPVPHTU7586I3UA0ZI3XJ2X43C,sad
385MDVINFDIUZORRGL86AH3DZSHWJ1,fear
386659BNTMKUWHA2XP9FZMYN463010,angry
386659BNTMKUWHA2XP9FZMYN463101,surprise
386T3MLZLOYC7HUNWAIUEWLVIC908K,surprise
388CL5C1RKQIXOK2O7YJPT6IOT9LHS,disgust
388FBO7JZSWU7JDCAKIMOL5AJKMNYV,happy
388FBO7JZSWU7JDCAKIMOL5AJKMYN6,happy
389A2A304PLEJKK0DMYZGIHE83U0CQ,surprise
38B7Q9C28H87ZXZC3R4PNTQXFLD69G,angry
38B7Q9C28H87ZXZC3R4PNTQXFLD96J,happy
38DCH97KHI5PFRV54C90ISLRBR0QJR,sad
38DCH97KHI5PFRV54C90ISLRBR1JQL,surprise
38EHZ67RINVO3A7C4DHG46969YNGMR,happy
38F60IALAHKV51MBZ8TP5SHIWPTT01,disgust
38F60IALAHKV51MBZ8TP5SHIWPU0T9,fear
38G0E1M85N8QYF2G2A7OVHTA9ZDVUM,sad
38LRF35D5MZ6M60XI01ICM1RIFKU3O,disgust
38LRF35D5MZ6M60XI01ICM1RIFL3UY,happy
38O9DZ0A63QWZDEDIIPAD6IJ9F326K,sad
38O9DZ0A63QWZDEDIIPAD6IJ9F362O,surprise
38RHULDV9ZIY4D7LY3N6YGODMDSWIP,happy
38VTL6WC4BGQHU766KM0U45OSZMY5G,neutral
38VTL6WC4BGQHU766KM0U45OSZN5YO,surprise
3909MD9T20KKDMJ4CVNF9D4LZHWEF1,fear
39AYGO6AFGNSOZ3641NU5ULHKAU6NF,fear
39HYCOOPKPOLRQXL2NG8YL69W67DME,angry
39I4RL8QGKKMZGDHIFZ23C4727F4HJ,neutral
39KMGHJ4R0DUPSPK165FLHFDZEX00X,neutral
39N6W9XWREQOXRWQNG5RY1WDI80YGY,angry
39O0SQZVJOAW7X93GI93KSQNGI2R7M,disgust
39O6Z4JLX30IFJWB7FIBFOSE3HUVXE,disgust
39O6Z4JLX30IFJWB7FIBFOSE3HUXVG,sad
39RRBHZ0AV47KEWQ8X6WC98PBHSVZB,disgust
39TX062QX2RY3AUSN5C5WT0VCX23XQ,happy
39WICJI5AUVN85U7ON0QTEG6KX03ZN,fear
39WICJI5AUVN85U7ON0QTEG6KXZZ3I,neutral
39WSF6KUV3OEJZWXBY65W7DZRIMOEW,neutral
39WSF6KUV3OEJZWXBY65W7DZRINEON,disgust
39XCQ6V3KZ7OYAX001R8BDLVTPU65P,neutral
3A3KKYU7P4KK0WXCJILYQ9VU3MCWM5,fear
3A520CCNWO3PHV2W1F1NVCTU21JEAO,angry
3A9LA2FRWTHDXI1R2Q170N15V2JXHQ,disgust
3AA88CN98Q6TZDS9D7Q6WTO6PPHYK1,fear
3ABAOCJ4R97FGZ1Q79MSYKD8FLVQMV,neutral
3AC6MFV69LL22D1638PSX8HG32HZHP,angry
3ACRLU860OHU057O7T1JQND0KJ4BEG,disgust
3ACRLU860OHU057O7T1JQND0KJ4EBJ,neutral
3AFT28WXLG5QZ4YJ7HWWHMBRJBTOI5,surprise
3APP19WN72HME7MKHXAZFACKJY86G7,happy
3AQN9REUTGJLL7MZLQ4JSGTG5GKYDO,surprise
3AQN9REUTGJLL7MZLQ4JSGTG5GLDY4,sad
3ATYLI1PRU5MUFIPPZHWTNQRWQIOJH,surprise
3ATYLI1PRU5MUFIPPZHWTNQRWQJJOD,neutral
3AXFSPQOYR1SO25WQWY66THD4PSJFR,happy
3B286OTISFKXSBOOFGCESS6M79FJAE,happy
3B623HUYJ5TC8QEZ5C1EO2RED4S8SF,sad
3B6F54KMR3FUXQUE6RSZ9S46ZYM1SO,disgust
3B9XR6P1WFY2BLTGLUCAN3QSPR0BJ1,fear
3B9XR6P1WFY2BLTGLUCAN3QSPR0JB9,angry
3BA7SXOG1KT07BEMQN19YSMIR28R89,fear
3BA7SXOG1KT07BEMQN19YSMIR298RR,sad
3BAKUKE49IFIWBU1R2SUJIZADW2R1P,surprise
3BAKUKE49IFIWBU1R2SUJIZADW31R0,fear
3BC9H1KCYVFKUDMQ2L99K4I1CWQYWX,happy
3BCRDCM0OEXRGTI37OVED24DQFP6KA,angry
3BDORL6HKLG2JE4Z7ZHE0EI1HTTRCF,sad
3BFF0DJK8YFV6A6N8AC9FYN1RHCSTN,neutral
3BFF0DJK8YFV6A6N8AC9FYN1RHCTSO,neutral
3BFNCI9LYLT4OVO15S872UN7A4N37V,surprise
3BFNCI9LYLT4OVO15S872UN7A4N73Z,angry
3BJKPTD2QDFJ5V6ATLC4POI55FTTR0,happy
3BKZLF99002FAGQ4QCA3SF0FOV9QYL,neutral
3BKZLF99002FAGQ4QCA3SF0FOV9YQT,happy
3BPP3MA3TDN6DET0Y6QD4Q95WDIEL6,neutral
3BS6ERDL94AJ2NCTF79R9P9N66S6DX,angry
3BVS8WK9Q1Y6GA9A3CRAB2BSCCBBIP,disgust
3C8QQOM6JQ4ITJVMUPG4P57XO6OLIL,surprise
3CESM1J3EJ6IBTCKW2EH1DY8DMXW6V,happy
3CKVGCS3PH8UQ19WA8OZVNLWU6G0SK,neutral
3CMIQF80GOTDRWGYKTFB9OGMPLH6Q2,angry
3CMV9YRYP44EOUFSC71416MX1LDLJX,angry
3CMV9YRYP44EOUFSC71416MX1LEJLW,sad
3CO05SML7W8IPM9JVJOU5DG084WR0M,happy
3CO05SML7W8IPM9JVJOU5DG084X0RW,neutral
3CZH926SIDHAF6MFSERWI97UARN4E3,neutral
3CZH926SIDHAF6MFSERWI97UARNE4D,angry
3D0LPO3EAC2CP4DOBZIZ3A5F9URYOL,angry
3D17ECOUOFYQD99ZGCRY1KWU7IN13W,disgust
3D17ECOUOFYQD99ZGCRY1KWU7IN31Y,fear
3D1UCPY6GHC8O9TKFX0DGUJ2LOT38I,angry
3D1UCPY6GHC8O9TKFX0DGUJ2LOT83N,happy
3D42WVSDH9YIJR0VCWZ9GGW1HT0YFZ,neutral
3D4BBDG7ZIZA0CJXW9GIIGFLBFE3CO,neutral
3D5G8J4N5B7BY2NR25HEQL78QL6TVT,happy
3D5G8J4N5B7BY2NR25HEQL78QL6VTV,surprise
3D7VY91L660SCTZ1ORP23VI9TLVBM5,happy
3DA79LNS5AYRMTL8IVB87QFPZ1DT3W,angry
3DA79LNS5AYRMTL8IVB87QFPZ1E3T7,surprise
3DGDV62G7PC49JWIXEOJJ6904KT2PQ,happy
3DIIW4IV8QYMVBO1OXHN3O5M2KU4IC,sad
3DQYSJDTYME1D8APCPT1FK4S3MRXEA,angry
3DTJ4WT8BEIQI3A4D7HMC5K3BMPZE9,surprise
3DW3BNF1GILS0IV3Z76JZPBLC8LV86,surprise
3DW3BNF1GILS0IV3Z76JZPBLC8M8VK,neutral
3DWGDA5POG7APIBI0MX4KFODY2G1VT,fear
3DWNFENNE4YIQM876F2NFPKMFZJ4JO,happy
3DZKABX2ZJ8UCLLGGJMO1B742Z6VCC,sad
3E22YV8GG290Y5LBJXM3BUCYFFJNP1,disgust
3E24UO25Q0TA6K3I5GN7KJLMAKYO6B,disgust
3E24UO25Q0TA6K3I5GN7KJLMAKZ6OU,neutral
3E6L1VR4XXPG07QP6D4HXPC8IJ86F8,sad
3E9VAUV7BXHNN0JN1GDH2FLAKDNYAM,sad
3E9VAUV7BXHNN0JN1GDH2FLAKDOAYZ,neutral
3E9ZFLPWOZVDTDCB88JS0Z2KVFYXIJ,happy
3EAWOID6MU0AITQ043T46A53TAA0VP,surprise
3ECKRY5B1RZ2Y8CQ9Q7DXKIV3FWZII,angry
3EFNPKWBMTRQ6KOHKTNYNFDK2QH03S,sad
3EFNPKWBMTRQ6KOHKTNYNFDK2QH30V,sad
3EGKVCRQFXVS6AOF7UDDXQ5G2V8YBH,happy
3EHIMLB7F82NIH0JUIPFKOKC4TB8HU,neutral
3EHVO81VN6O57HGYVXG05EX4QN51H3,neutral
3EKTG13IZV64P2LDF4EWHYEE5F8LM1,surprise
3EN4YVUOUDV9OOWHQQ4SC0HK8UNXJV,neutral
3EPG8DX9LLTW8GF5FXQHHDCCOUK5PU,surprise
3EQPA8A375ZYTJWWR8SD9LXVGULZJU,surprise
3EQVJH0T41O6G1S7XG0ABKGZI6VTH3,surprise
3FBEFUUYRL8L4G9HVXIPJO1HL3V6AV,sad
3FCO4VKOZ5G7YT4YUCP3LLR41TD7EQ,angry
3FCO4VKOZ5G7YT4YUCP3LLR41TDE7X,angry
3FHTJGYT8O3UOD4PWT98LA31E3YGPN,angry
3FI30CQHVLMQNQE91BILEZLN3LGB6V,angry
3FJ2RVH2509JHWGBGPSMXG9LZGB29V,angry
3FJ2RVH2509JHWGBGPSMXG9LZGB922,disgust
3FK4G712NY3URAT8JA7J5TRFPYYSSY,happy
3FO95NVK5D3IQVTV4L7EFJMJ3WFSRA,surprise
3FTID4TN8M14JJARY727BT1LEPMYL4,sad
3FULMHZ7OV08RUES9CFFVHC3JTE4MS,neutral
3FVBZG9CLKH50SVGZEC0R9EULVZ0HZ,neutral
3FW4EL5A3MR8HCVCVGD7NT17TA1223,fear
3G3AJKPCXMV8LB36SF3QPCZAS3RY4B,happy
3G5RUKN2ED6F6I5428Q6P4CJAB29NT,sad
3G9UA71JVWXF99QQ8D0UI14W619J7N,disgust
3GITHABACZO46YK5HZBRFH4545S2NU,surprise
3GKAWYFRAQWRCTUYU380FP041BIDPA,neutral
3GL25Y6844XZPW22TNHKSS91COIXMZ,sad
3GMLHYZ0LF0729XL7LU82GX4RGFYUY,surprise
3GS542CVJWQBGTZYY8UKVNCXJQ259Z,disgust
3GS542CVJWQBGTZYY8UKVNCXJQ2953,surprise
3GV1I4SEOAS20Z0LSO7FS2HSFFU6LD,happy
3H1C3QRA02MDAAZULTXE17JI244ECQ,happy
3H5TOKO3DAM62RT0MW8Y6LFHTTZ46I,surprise
3H5TOKO3DAM62RT0MW8Y6LFHTTZ64K,surprise
3H6W48L9F5SQLZUPBYDQ7DPP8RNWP1,disgust
3H781YYV6ULUWR157FS4QHJMQQ3TEN,angry
3HA5ODM5KBVAJ2ACD5COGGBMO2SSV3,neutral
3HA5ODM5KBVAJ2ACD5COGGBMO2SVS6,neutral
3HEADTGN2QVYINAZYGCJQ66Q209VRI,angry
3HEM8MA6HAFL12Y3ZPEKFO73KQ6QPR,angry
3HFWPF5AKAMQ7T8TTV6IXLJ3XI03SI,surprise
3HJ1EVZS2PME6E8GE66D7BE7BGGR3H,surprise
3HJ1EVZS2PME6E8GE66D7BE7BGH3RU,fear
3HKIF5DF6Z09WQOIF4DBZK3M9ZG9GL,neutral
3HO4MYYR13R5JPNF12ZGJPDBS6N6U7,fear
3HRWUH63QV5W5V3SZIDPDO7HOFJ5NY,sad
3HUR21WDDVSZJDRGCQ5VMNW8LYWXYP,happy
3HUR21WDDVSZJDRGCQ5VMNW8LYWYXQ,sad
3HXCEECSQNWOO8RVD8TGJ8CJTYUYZN,sad
3HXCEECSQNWOO8RVD8TGJ8CJTYUZYO,disgust
3HY86PZXPZLTN7PW5W8UKB0RY7D1EN,disgust
3HY86PZXPZLTN7PW5W8UKB0RY7DE10,happy
3HYV4299H1ZBY79H4HH9ZLNZCDJ8EE,happy
3HYV4299H1ZBY79H4HH9ZLNZCDJE8K,sad
3I01FDIL6NBVKMTSS5XOJCSBQ1Q2DC,sad
3I4E7AFQ2L2277NXLG3VNXWEVY0JTZ,neutral
3I4E7AFQ2L2277NXLG3VNXWEVYZTJ8,angry
3I7KR83SNBGEYCK15VYQXCVFGGX9KO,fear
3ICOHX7ENDETGI4E9D4U66HHTF70EJ,disgust
3ICOHX7ENDETGI4E9D4U66HHTF7E0X,sad
3IH9TRB0FC253CRI1FYL5QYJQ0K1IW,neutral
3IHWR4LC7EGNECB30070K0LR46Q8IN,happy
3IJ95K7NDYFULSSCGEWGHLY6EOXGNR,sad
3IKMEYR0LXY3YSZ2KMJBNPN1AAN2KP,surprise
3INZSNUD81T6K6ERDEC3TZ0PW709DB,happy
3IQ9O0AYW726CW3R3YIVBWHEIJATIW,disgust
3IV1AEQ4DSGJ9NV9IIS0W10RHLF8JZ,sad
3IV1AEQ4DSGJ9NV9IIS0W10RHLFJ8A,neutral
3IVEC1GSLQ21YNBOJXJLHRDJ3F91J8,angry
3IWA71V4TJJX0THA67A33WCFMO46XZ,neutral
3IYI9285WT3LLQLMZU85YNWA7C0JCG,surprise
3IZVJEBJ6BNM5OHP7PYO0HSQUO1Z6O,angry
3IZVJEBJ6BNM5OHP7PYO0HSQUO26ZW,happy
3J06WJ78HONQBURG70HTR3VTN6MVVB,happy
3J5XXLQDHNE6ZLPXNQBN883AWMU3VN,sad
3J94SKDEKJSNJJCFAOZMHJVNABH5DG,happy
3J9L0X0VDGP5TCEIU9HTLNPA3N5W96,surprise
3J9UN9O9J4V1RYQ6NEFL3MU9YN30J4,sad
3JAOYN9IHM5MNCNE3G5HPDBR52133Q,sad
3JGHED38EEU54YLPUD1XSOJKJ5HY7V,happy
3JHB4BPSFLC09FIWI0INTY7OFMOQ9W,happy
3JMNNNO3B27UTSTJ902EB0HWXHVW2E,neutral
3JMNNNO3B27UTSTJ902EB0HWXHW2WL,happy
3JMQI2OLF08R98ILEOV8B0V91WHDNE,happy
3JTPR5MTZTFVXPIP25L9LWQDUKE5KT,surprise
3JUDR1D0D7UP9VXXXR38JBZA9GF2QH,neutral
3JVP4ZJHDQV5WN605WULRLF9L8E0IS,surprise
3JY0Q5X05K9OB0BQTAJLR1P9DCBGGJ,happy
3K1H3NEY7M2LZG1ZRKIDLGMC0KUDG5,happy
3K1H3NEY7M2LZG1ZRKIDLGMC0KVGD9,fear
3K2CEDRACC4S8FTIODGN3POVZSUTMC,neutral
3K3G488TR3BH8SGKFA56HI2MTQ65QL,happy
3K8CQCU3KF4QIEICVJ0Y3OKU8CMNWW,fear
3K8CQCU3KF4QIEICVJ0Y3OKU8CMWN5,angry
3KA7IJSNW78YXWWEG7HUKZC4YQ6BP1,angry
3KG2UQJ0MKRLYHMQJA1SBZ28KB5NQS,happy
3KG2UQJ0MKRLYHMQJA1SBZ28KB5QNV,fear
3KI0JD2ZU2L3LEBJOU659XZRKVP674,surprise
3KI0JD2ZU2L3LEBJOU659XZRKVP765,angry
3KL228NDMWPTDM79J140PTH2KTSGKM,happy
3KLL7H3EGE4LTTWW2B0PC24KFRBVHL,sad
3KQC8JMJGDV1HKUDI1UJT7C1O7J3HX,happy
3KTCJ4SCVH4RZVH9MUWDXJ507941MC,sad
3KTZHH2ONJI9AV1ULF5SCTS8LFA8M3,angry
3KVQ0UJWPYOMSPC6RJ4C97K8HRMW5F,fear
3KVQ0UJWPYOMSPC6RJ4C97K8HRN5WP,happy
3L1EFR8WWU83IQSN4K7THZ3A8KG9FM,surprise
3L21G7IH48ZRTC6N5XKORES7GJHY1Y,happy
3L21G7IH48ZRTC6N5XKORES7GJI1Y2,sad
3L2OEKSTWAD94CQ84IT36OFFUPNY8I,fear
3L2OEKSTWAD94CQ84IT36OFFUPO8YT,happy
3L55D8AUFB0BGFGLLU988ABYKG8YCO,angry
3L7SUC0TTVXRS6WRQBSDJEMQ2HY0M8,neutral
3LAZVA75NJUMOJKHIEB4U64AUFWO2U,angry
3LAZVA75NJUMOJKHIEB4U64AUFX2O9,sad
3LB1BGHFL3ZS2WIW7G4YXKB2828TY2,fear
3LB1BGHFL3ZS2WIW7G4YXKB2828YT7,happy
3LEG2HW4UGQSI67OJBSE7CVW2E62FN,happy
3LN3BXKGC1YK8M1Q8FN3D4BX700WGX,fear
3LN3BXKGC1YK8M1Q8FN3D4BX701GWI,happy
3LN50BUKPWEAA5IQ7K6OY289AKJLPX,angry
3LVTFB9DE6LFOP54W6OXLFTBJZJQGN,happy
3LVTFB9DE6LFOP54W6OXLFTBJZKGQE,disgust
3LXX8KJXPXCXO35G3NQJ4TCO0L6O9M,surprise
3M47JKRKCY47LSG2YZYBNXVMVFV68R,neutral
3M47JKRKCY47LSG2YZYBNXVMVFV86T,happy
3M4KL7H8KWQPASWHZEPW8N8EH9P162,angry
3M4KL7H8KWQPASWHZEPW8N8EH9P617,angry
3M67TQBQQIR8MZBFT4L13YSJB439A9,neutral
3M7OI89LVZR9XV6FFBEGPJR5L6G6CX,sad
3M93N4X8HLQ1S7AIWGY5DS0STFMJSA,sad
3MA5N0ATTDEPA8X9Y68IBW3QEHHWK0,angry
3MD8CKRQZ0QPRSA5HRY0NIVW7D3JRM,fear
3MDKGGG61RQQJC8Q1X96ETR99SFT62,happy
3MDKGGG61RQQJC8Q1X96ETR99SG6TG,surprise
3MDWE879UI5D59G7ZILXY9CPTMO9B4,happy
3MDWE879UI5D59G7ZILXY9CPTMOB96,sad
3MGHRFQY2MSRMNL59EGOD99XBRBY0V,neutral
3MGHRFQY2MSRMNL59EGOD99XBRC0YY,sad
3MIVREZQVI1KQB1NMX9CJ7L4QG0QKQ,happy
3MJ28H2Y1FBENG340XD2SD7MEPNO5V,sad
3MJ28H2Y1FBENG340XD2SD7MEPO5OD,angry
3MJ9GGZYO49XMFQG8V6MTBK55YT2AA,angry
3MNJFORX8C7KH3QB1UUC5JY8MOX5FR,happy
3MQKOF1EE3RHW2RZ6PMV7J80U8KWDN,surprise
3MQKOF1EE3RHW2RZ6PMV7J80U8LDW5,neutral
3MQY1YVHS4N25PV8E96IOM4BNGE2B5,happy
3MXX6RQ9EW8ECXB51S77CL6YOYP4PO,surprise
3MYASTQBG8ECC5VDUGNPFUQE673QDD,sad
3MYASTQBG8ECC5VDUGNPFUQE674DQ1,happy
3N2YPY1GI7199J5UCASJRZ77NBJVE5,disgust
3N3WJQXELTTEIYHK5MVC2P0GZAS2LS,surprise
3N7PQ0KLI6SPXA3BS0MD84FOWRR3EH,sad
3N7PQ0KLI6SPXA3BS0MD84FOWRRE3S,happy
3NBFJK3IOILC3DSOHTWTWAYB4Y1OGD,neutral
3NBFJK3IOILC3DSOHTWTWAYB4Y2GO6,neutral
3NC6WP7WJING58RQNKRLZ7XL1OQWWW,angry
3NCN4N1H1HKYUBK10S42GA79YB5BN5,fear
3NFWQRSHVFHIX0FVIQD39GPXCXBGFK,neutral
3NI0WFPPIAJP33BZ3VLWUIP4CHJ06Y,surprise
3NI0WFPPIAJP33BZ3VLWUIP4CHJ604,sad
3NKW03WTLNABLBV4BBSF7IFZDN9QWM,neutral
3NKW03WTLNABLBV4BBSF7IFZDN9WQS,happy
3NOEP8XAU555AZZFL39C9W3WHTTXPV,neutral
3NQUW096N7BPII2JQVARCC8U5G29LR,angry
3NSCTNUR20QPLC93QE8KRINHP8K5AE,sad
3NSM4HLQNSX61EZIZ2T9FTXDPMSQQI,angry
3NZ1E5QA604U4MEVWS8GMT7N7Q55B9,neutral
3NZ1E5QA604U4MEVWS8GMT7N7Q5B5F,surprise
3O0M2G5VC75TKAVYK3BAQV6JJU749T,happy
3O0M2G5VC75TKAVYK3BAQV6JJU794Y,angry
3O4VWC1GEX9X8QP361X45KSG1ZN3J2,neutral
3OCZWXS7ZPA6HV07N5XA0W3SJKJ5LW,fear
3ODOP6T3ATNIKQAZZUWVG8Y5DOX24Z,sad
3ODOP6T3ATNIKQAZZUWVG8Y5DOX421,disgust
3OEWW2KGQKE9RTIXF3VLQPVER6LOD3,happy
3OEWW2KGQKE9RTIXF3VLQPVER6MDOT,angry
3OID399FXHAFLG54G0CV3VM0Z5UDF6,neutral
3OLZC0DJ8KILPO7G8TIACE5ZF4QVIE,sad
3OND0WXMHXI4RIAA7LBFCYGYFW9EHZ,angry
3OPLMF3EU6QA7K6DR5TWUD3EA5ILN1,happy
3OQQD2WO8J91DF5XOJC4TJDGOKY3IQ,fear
3OWZNK3RYMSH1O4EE0NDTCWZC1KU2D,happy
3OWZNK3RYMSH1O4EE0NDTCWZC1L2UM,neutral
3OYHVNTV5U1H5ZO77KH8U2Q4BFIOKG,neutral
3OZ4VAIBEYIHKZRMQB3AOFKZSJFVJQ,angry
3P0I4CQYVZA80ZIOWY0BIDKZYMRWOK,sad
3P458N04Q2K9ISY9J5Y0DJV36J22XE,happy
3P4C70TRMSK4XSPR41G14TUH9TWLGT,neutral
3P4C70TRMSK4XSPR41G14TUH9TXGLP,happy
3P4ZBJFX2W6EUM5VXVHLVJBL6L0WFY,happy
3P520RYKCI990LN1WJPBRJZBWBC5UQ,sad
3P7QK0GJ3UOYNNYOKNMLA4BEEJ02ZB,sad
3P7QK0GJ3UOYNNYOKNMLA4BEEJZZ27,neutral
3P888QFVX4X3G2M2KP15QO2DALAQOA,happy
3PCPFX4U41T9AP99LMIF3UTZIKJQFO,fear
3PEG1BH7AFUXM5ZY3FCMOIQ54G0BK0,sad
3PGQRAZX03NRNW5HIGZ8NFFG6JUSYC,sad
3PIOQ99R7ZPDQAT70JLXL0ZXNWBNUX,neutral
3PKJ68EHDOZC2YW2LMM69ETQK45JHP,disgust
3PKVGQTFIINFMH543RZ3X5AKKHBYRU,surprise
3PMR2DOWOP4AJNTMHDYTEF1HXYO452,angry
3PUOXASB5869N7JN5W10KRJSKP9Z9Z,surprise
3PUV2Q8SV57P8ZTOBYQZK5VFK73BDN,happy
3PZDSVZ3J6KE9CZSLDUF8W13OJO4NS,angry
3Q2T3FD0OOBN9YVO9YAWLCKX5TI3M6,happy
3Q7TKIAPOUD1L8F02BFTY8RKW1HDLC,surprise
3Q9SPIIRWKPJYVONMFVTHI0U95NWAL,disgust
3Q9SPIIRWKPJYVONMFVTHI0U95OAW0,angry
3QD8LUVX4Y11HPHW1O0YBQYFQTT5XI,sad
3QE4DGPGBSE8ZKI6Y9HKICS6N724GK,sad
3QGHA0EA0K3OH5TFSTVPCTK0RN8WBG,neutral
3QGTX7BCHQ5QMKHB26OJ8BEQYTQZ58,disgust
3QGTX7BCHQ5QMKHB26OJ8BEQYTR5ZF,happy
3QHITW7OYPCEEYS1A6WNPTI8L46QAB,sad
3QI9WAYOGREP4CVBCX4G4OVN7926SR,disgust
3QMELQS6Y6ED3XVYX84BEEQRL7IR6N,disgust
3QMELQS6Y6ED3XVYX84BEEQRL7J6R3,surprise
3QO7EE372PQJX8XTGKWJK42E3MRQB6,surprise
3QO7EE372PQJX8XTGKWJK42E3MSBQS,neutral
3QQUBC64ZFH57EN25OWK57Y1HESNXP,happy
3QQUBC64ZFH57EN25OWK57Y1HESXNZ,angry
3QREJ3J43409ZELAUS1G2LMAGADLKW,angry
3QTFNPMJC7LUC9NH66K52SECPEQNZM,sad
3QX22DUVOPK7L7X7T8G247CGWDAVMU,happy
3QXFBUZ4ZLJ7GICLDF82VGQ0MKQGUJ,fear
3R0WOCG21NC44Y2UBP7UPVN39SADU6,fear
3R15W654VEWVAHJ57XLDY7YJFG5LQO,surprise
3R15W654VEWVAHJ57XLDY7YJFG5QLT,neutral
3R16PJFTS4UD16EPO02ZG4KZUOJ4KN,sad
3R4QIDVOJQFS78J8HK39RVJLNGHEEJ,happy
3R5LWXWHR1BZXM6GIKJPFNP4G26XGR,angry
3R5LWXWHR1BZXM6GIKJPFNP4G27GXB,angry
3R5OYNIC2DCYTIQVGT8FKTIQ4X5TP8,happy
3R6RZGK0XGF7FOMLCB4DY2ZN5NOVYK,fear
3R6RZGK0XGF7FOMLCB4DY2ZN5NOYVN,happy
3R868ACW4TFO2H6VJ27AC85FO24ZGQ,sad
3RBI0I35XF6N3FK2S1Y7F774E3VY3Q,sad
3RBI0I35XF6N3FK2S1Y7F774E3W3YW,happy
3RDTX9JRTZ4Q3XDHM19HT7QTAWX79G,surprise
3RDTX9JRTZ4Q3XDHM19HT7QTAWX97I,angry
3RHLQY6EDU75N08FWJGCCRP9AFM4DA,disgust
3RQVKZ7ZRLMF3DSI1SU2JKIF4QN27J,neutral
3RQVKZ7ZRLMF3DSI1SU2JKIF4QN72O,angry
3RSBJ6YZEDT6PDWT69QBEPYZ3J1OFE,disgust
3RTFSSG7T990UEFRJ6KJQWG53HMWL3,neutral
3RWB1RTQDKQFVYY7DVXKTXM3QKL8PZ,sad
3RWO3EJELICXKYEMEAO5ENZVCEF1P8,neutral
3S1WOPCJFHW0IO50VLE0OBWDSODEJ4,happy
3S1WOPCJFHW0IO50VLE0OBWDSODJE9,happy
3S37Y8CWI934W686DEL24FEUHVRW4A,sad
3S4TINXCC1QGCWKD174FVZ7EOL9OBW,fear
3S4TINXCC1QGCWKD174FVZ7EOLABOK,sad
3S829FDFT34WL2WPGUIH92M73AQXDH,surprise
3S829FDFT34WL2WPGUIH92M73ARDXY,fear
3S8A4GJRD465W4CF6S9LFBFU6DW6VW,surprise
3S8APUMBJYMM6J7K24LP85Y0WKJBFY,neutral
3SA4EMRVJW5XD9T4IRK50IGL7M90P4,angry
3SBNLSTU6V8LQXW4HC626N2IBAOZDG,disgust
3SBNLSTU6V8LQXW4HC626N2IBAPDZV,surprise
3SBX2M1TKEQZC9CK15MWCQW8TUB4QF,sad
3SD15I2WD3XLKVAWMI3FWGNBFT336W,neutral
3SD15I2WD3XLKVAWMI3FWGNBFT363Z,surprise
3SMIWMMK6283D42LSKCKHJCOG8FWUX,fear
3SNR5F7R93W4NDLUD3T0CAHDF9OEIS,sad
3SR6AEG6W6W2XNR17MN9J18EX8DYHX,sad
3SSN80MU8DR4Z82Z8B44DFHXNJNXKU,sad
3SU800BH87VYT76ZGBDEPUU2S7YQUN,angry
3SV8KD29L5VT432E9TSPA0X8VJLZKT,neutral
3SX4X51T81CBTMFLVT4J0ON863OOA1,angry
3SZYX62S5H372AB5JBW0HRLRO0E75P,disgust
3T2EL38U0NNQAB0ULGO191T6MPFQXF,surprise
3T2EL38U0NNQAB0ULGO191T6MPFXQM,happy
3T2HW4QDUWAWFE8DDIHS9TI7B7O9CB,happy
3T5ZXGO9DFRFF609MYCM6M9HUPDQZC,surprise
3T8DUCXY0O9D1VAOZ4CIY3IBZTNT9D,happy
3TC2K6WK9H5J3RX1BXM8XKEAFAT286,sad
3TC2K6WK9H5J3RX1BXM8XKEAFAT82C,sad
3TCFMTM8HFR1SRDGCCDTIAR214N12L,disgust
3TCFMTM8HFR1SRDGCCDTIAR214N21M,neutral
3TD33TP5DM5RASQCROZXU4N9Z46BAL,happy
3TFJJUELSISLFUNES92DZ6AT51E2CC,happy
3THR0FZ95QWSP56PSKT9923J0FNLOG,disgust
3TKSOBLOHMJWT2V4X2ZTPF7FHMRBBG,neutral
3TKXBROM5UDCYT7MR44R9QU5KHKJII,fear
3TL87MO8CNSYJSTWTHAJM8U58EWLFU,sad
3TLFH2L6YAR21BPPEVX3OGAXTNDT2L,angry
3TLFH2L6YAR21BPPEVX3OGAXTNE2TV,surprise
3TRB893CSKD5I70P07FRLOCGE9S7G7,angry
3TTPFEFXCUN0E3HV13SH0AOLYYL6H6,neutral
3TUOHPJXYI0VU8WGXPN71QBSAQWXWQ,angry
3TZ0XG8CBVNU3BI0W61N77MOLG3894,neutral
3TZ0XG8CBVNU3BI0W61N77MOLG3985,neutral
3TZDZ3Y0JT9CSBYFXLS8SXZG7AX19D,disgust
3TZDZ3Y0JT9CSBYFXLS8SXZG7AX91L,surprise
3U74KRR67NOYQXEI0EVNG4DV4I4NT6,sad
3U74KRR67NOYQXEI0EVNG4DV4I4TNC,neutral
3UDTAB6HH72CLMDX12O8ESG62IR099,happy
3UDTAB6HH72CLMDX12O8ESG62IR90I,happy
3UL5XDRDNDMB2OGOTGO6VRHMZKK85D,fear
3ULIZ0H1VB8TROW3UVFRGHUELEE15M,happy
3UOMW19E6E9DER61AS4BXDD5PB55CG,neutral
3UQVX1UPFTK1L2SYGT9T458SWCH20J,surprise
3URJ6VVYUQQWRXZ4MSUSNL18ETSO4Q,neutral
3URJ6VVYUQQWRXZ4MSUSNL18ETT4O7,happy
3UUIU9GZC68U088CWEZ1MND9DX4T5M,fear
3UUIU9GZC68U088CWEZ1MND9DX55TZ,sad
3UUSLRKAUM626NQYYHEJF39J1HC7DX,sad
3UV0D2KX1NM2LKMBNPB20RSUMS24FL,happy
3UXQ63NLABP86BHGOFON3I3KTG5BL3,happy
3UY4PIS8QSOXHD29YVBDAYU0CZE1NC,neutral
3UYRNV2KIU2FSDMUXGKSP8H8Q5K8N3,happy
3UZUVSO3P8YQJWBLYIRS43OUWI8EM8,happy
3V0TR1NRVB57PT53C9PAMQH3PCP4A8,fear
3V7ICJJAZBJC83AVINP6H1197UA4B3,neutral
3V7ICJJAZBJC83AVINP6H1197UAB4A,surprise
3V8JSVE8YZTQDD0ZHLF3YYB15SLYEH,fear
3VADEH0UHD0XEIDGRT3PAOM42ERSPI,happy
3VAOOVPI30VKJK3SFSDHHLZP5AILLZ,neutral
3VCK0Q0PO6HXAOHR2C7DWTBQ7780N8,disgust
3VDI8GSXAGW9IL58AC7XZO8BPTY8GV,happy
3VDVA3ILIEIR7LLNBRYIKEL3BNS1G4,surprise
3VGET1QSZ121FTQPFCJ97RY48XHW7U,surprise
3VI0PC2ZAZNNPZNE63WXKWY67OXXOE,disgust
3VJ4PFXFJ4A66RZIRFGSZUFXOPDAU1,fear
3VMHWJRYHWJTJMAL70D7X2PSFN6XFS,happy
3VMV5CHJZ9ISG5XWDAISQK4Y36ITG4,neutral
3VMV5CHJZ9ISG5XWDAISQK4Y36JGTS,disgust
3VO4XFFP16PWVWU333K3F2GIKW0Q7K,sad
3VP28W7DUONIOHA08I1SUN53NN4ZFR,disgust
3VW0145YLZFYUCXDCJ2J1J1M1Q4JMY,neutral
3VZYA8PITP1TKZBLYCBR2CB4GM805I,fear
3W0KKJIARSCEK71R03SCXG04WAF8KY,neutral
3W0XM68YZQYW97H61IJXI6DWI491K7,sad
3W1K7D6QSCKSB0YK3GFWBXEI8PCZB9,happy
3W5PY7V3UQAYOTMRVMQUVEOTA0HYJ2,happy
3W9XHF7WGLYXIRTF3137OCWRANZTK7,fear
3WA2XVDZENKOUTQTB2KBF7R86IT6EQ,disgust
3WA2XVDZENKOUTQTB2KBF7R86ITE6Y,neutral
3WGCNLZJKGBOV1BW91XAETI6YVC1DU,sad
3WGZLY9VCIP661VH8M6PT35EC1I8DL,sad
3WKGUBL7S0POLCW790E0V4XEJOO4LQ,happy
3WPCIUYH1BBP4LN5BKHKKZ11QE2TDU,disgust
3WPCIUYH1BBP4LN5BKHKKZ11QE3DTF,disgust
3WRAAIUSBK2YNVTDWKRFJ1E1I7UAXT,neutral
3WRBLBQ2GSBR0W05F8UI692T6VM0G0,happy
3WRKFXQBOCA2TI2LD45UJD9TXLSYIQ,happy
3WUVMVA7OC6NSQTSX2F0GMUCQ7RZAE,angry
3WUVMVA7OC6NSQTSX2F0GMUCQ7SAZQ,sad
3WYZV0QBFKG365Y52YRBECY70PEXBA,happy
3X0EMNLXEQSD6AUKLO8ULB6B1ILVPQ,neutral
3X2LT8FDHXL5F7V8PHBFLRUZJHNW8H,surprise
3X2LT8FDHXL5F7V8PHBFLRUZJHO8WU,neutral
3X2YVV51PV7N47BNQW206H7R5BHW1X,fear
3X2YVV51PV7N47BNQW206H7R5BI1W3,fear
3X4Q1O9UBIPTAKHNOQSZQXLI5VIO7A,happy
3X52SWXE0Y87RALL6TRKNDQI988WCN,fear
3X55NP42EPJTU1S11E2O2GESAYT3P2,happy
3X7837UUAE1W59CLP3V2CN40BQPJ6O,disgust
3X878VYTIFLZ474UPN9933C4DUS7F8,angry
3XABXM4AJ280VAZMD8C9T2CDVG6Q87,sad
3XABXM4AJ280VAZMD8C9T2CDVG78QQ,surprise
3XAOZ9UYR0UIKAF1EN3UESP5HA11QZ,fear
3XBXDSS889MFJEKHTBG5SFUCCJSXLX,surprise
3XBYQ44Z6Q7ODRNWSFMACNQMXU8TW3,sad
3XBYQ44Z6Q7ODRNWSFMACNQMXU8WT6,sad
3XDJY5RK5TOR42J1IE61MRTXWFGU49,surprise
3XDSWAMB23V27DPZUKSEVO8WL7RQCD,disgust
3XEDXEGFX4RW2IWO5ZFX41UMDC30K3,surprise
3XEIP58NL1Q4O9KWUT4QP0ANKJQZLW,sad
3XH7ZM9YX3X0LGXWVF7NYOHTB8QR9Y,fear
3XJOUITW8VUJTURAG6N4KY809TRQTW,fear
3XJOUITW8VUJTURAG6N4KY809TRTQZ,neutral
3XQ4XW3ODAF1MBCAPVSDEBEBR402S6,fear
3XT3KXP24010AYSF7LA20MP0YB06IZ,neutral
3XU80RHWH0JSN4PM38FJ9NV3X2T44X,happy
3XU9MCX6VPFPLWCXA6S8O19F52GR26,disgust
3XU9MCX6VPFPLWCXA6S8O19F52H2RI,sad
3XUSYT70IU4OOCQEDITA0OZWT360DQ,happy
3Y3CZJSZ9LWHKTVKSPU6M8CRPC7R57,fear
3Y3CZJSZ9LWHKTVKSPU6M8CRPC85RM,sad
3Y3N5A7N4HCOP1SCYJ3MB6GAEUCYM6,happy
3Y40HMYLL2LI247B2P86J2QVPALXUR,fear
3YCT0L9OMNCXBX13BEQX6ZH92ZQNSH,neutral
3YCT0L9OMNCXBX13BEQX6ZH92ZQSNM,happy
3YGE63DIN90NXIQ5UDY0SCOH0JBW0U,sad
3YGE63DIN90NXIQ5UDY0SCOH0JC0WZ,happy
3YGYP13642CLAI1QWPQSGPCDGX7NRT,fear
3YKP7CX6G3I9RQSEKLNDKDLJYW07BQ,neutral
3YKP7CX6G3I9RQSEKLNDKDLJYW0B7U,happy
3YO4AH2FPENIDLUJI4ZU0N6VCIV0QV,angry
3YOAVL4CA1K8Q1DBO1593J8CYXVZ43,sad
3YZ7A3YHR6WTL8VX7EUBCIHNBER5SA,fear
3Z33IC0JC1PSENED4ZCXZL6WWE3V9V,sad
3Z3R5YC0P4QM25112QCA8Z4M2RITF5,angry
3Z56AA6EK53M6HI6S08USFWHFKK6MF,sad
3Z8UJEJOC0G82ECUKP6RGQED5UB397,neutral
3Z8UJEJOC0G82ECUKP6RGQED5UB93D,fear
3ZC62PVYDIDAJ8167UJT39PZJS2XXJ,surprise
3ZCC2DXSD87OJIHQHMRX513HN4QYYW,fear
3ZFRE2BDQAHZO31L8C7E0U5ARS0XZG,neutral
3ZG552ORAN7HE3TEJQXIPYYIQ8U2VB,happy
3ZICQFRS32LOTY109UVZXFLLZSYZZF,neutral
3ZLW647WAMYX2URVZGRC636ZZO123E,happy
3ZLW647WAMYX2URVZGRC636ZZO132F,disgust
3ZQA3IO31CUFZY2LZABQPNU529IO1D,sad
3ZQA3IO31CUFZY2LZABQPNU529J1OR,fear
3ZQX1VYFTE8XAYM6YVK54XHDGFOO8X,happy
3ZQX1VYFTE8XAYM6YVK54XHDGFP8OI,happy
3ZRKL6Z1E96R15KHOAD2GF8C1N5GS3,angry
3ZTE0JGGCFVZM1CJF70A6JDW669OC3,happy
3ZUE82NE0B434L9DZS1FH38ZOEY8FW,surprise
3ZURAPD289QLTLPS07S02TLRA8S1F5,sad
3ZVPAMTJWO6F0QK49LDXQ53GFLMGRF,happy
3ZZAYRN1I7UG8IEU1TV0VTD0US9TOR,sad
