image_url,label
https://s3-ap-northeast-1.amazonaws.com/projects.crowd4u.org/s1811552/results/fear/fear_37.jpg,fear
https://s3-ap-northeast-1.amazonaws.com/projects.crowd4u.org/s1811552/results/neutral/neutral_29.jpg,neutral
https://s3-ap-northeast-1.amazonaws.com/projects.crowd4u.org/s1811552/results/neutral/neutral_20.jpg,neutral
https://s3-ap-northeast-1.amazonaws.com/projects.crowd4u.org/s1811552/results/fear/fear_51.jpg,fear
https://s3-ap-northeast-1.amazonaws.com/projects.crowd4u.org/s1811552/results/angry/angry_06.jpg,angry
https://s3-ap-northeast-1.amazonaws.com/projects.crowd4u.org/s1811552/results/neutral/neutral_63.jpg,neutral
https://s3-ap-northeast-1.amazonaws.com/projects.crowd4u.org/s1811552/results/fear/fear_46.jpg,fear
https://s3-ap-northeast-1.amazonaws.com/projects.crowd4u.org/s1811552/results/sad/sad_35.jpg,sad
https://s3-ap-northeast-1.amazonaws.com/projects.crowd4u.org/s1811552/results/sad/sad_87.jpg,sad
https://s3-ap-northeast-1.amazonaws.com/projects.crowd4u.org/s1811552/results/happy/happy_84.jpg,happy
https://s3-ap-northeast-1.amazonaws.com/projects.crowd4u.org/s1811552/results/surprise/surprise_28.jpg,surprise
https://s3-ap-northeast-1.amazonaws.com/projects.crowd4u.org/s1811552/results/angry/angry_74.jpg,angry
https://s3-ap-northeast-1.amazonaws.com/projects.crowd4u.org/s1811552/results/disgust/disgust_05.jpg,disgust
https://s3-ap-northeast-1.amazonaws.com/projects.crowd4u.org/s1811552/results/sad/sad_10.jpg,sad
https://s3-ap-northeast-1.amazonaws.com/projects.crowd4u.org/s1811552/results/neutral/neutral_70.jpg,neutral
https://s3-ap-northeast-1.amazonaws.com/projects.crowd4u.org/s1811552/results/neutral/neutral_48.jpg,neutral
https://s3-ap-northeast-1.amazonaws.com/projects.crowd4u.org/s1811552/results/disgust/disgust_93.jpg,disgust
https://s3-ap-northeast-1.amazonaws.com/projects.crowd4u.org/s1811552/results/sad/sad_19.jpg,sad
https://s3-ap-northeast-1.amazonaws.com/projects.crowd4u.org/s1811552/results/surprise/surprise_94.jpg,surprise
https://s3-ap-northeast-1.amazonaws.com/projects.crowd4u.org/s1811552/results/neutral/neutral_10.jpg,neutral
https://s3-ap-northeast-1.amazonaws.com/projects.crowd4u.org/s1811552/results/angry/angry_04.jpg,angry
https://s3-ap-northeast-1.amazonaws.com/projects.crowd4u.org/s1811552/results/sad/sad_38.jpg,sad
https://s3-ap-northeast-1.amazonaws.com/projects.crowd4u.org/s1811552/results/neutral/neutral_50.jpg,neutral
https://s3-ap-northeast-1.amazonaws.com/projects.crowd4u.org/s1811552/results/angry/angry_78.jpg,angry
https://s3-ap-northeast-1.amazonaws.com/projects.crowd4u.org/s1811552/results/happy/happy_78.jpg,happy
https://s3-ap-northeast-1.amazonaws.com/projects.crowd4u.org/s1811552/results/disgust/disgust_80.jpg,disgust
https://s3-ap-northeast-1.amazonaws.com/projects.crowd4u.org/s1811552/results/fear/fear_40.jpg,fear
https://s3-ap-northeast-1.amazonaws.com/projects.crowd4u.org/s1811552/results/fear/fear_52.jpg,fear
https://s3-ap-northeast-1.amazonaws.com/projects.crowd4u.org/s1811552/results/angry/angry_59.jpg,angry
https://s3-ap-northeast-1.amazonaws.com/projects.crowd4u.org/s1811552/results/sad/sad_66.jpg,sad
https://s3-ap-northeast-1.amazonaws.com/projects.crowd4u.org/s1811552/results/happy/happy_23.jpg,happy
https://s3-ap-northeast-1.amazonaws.com/projects.crowd4u.org/s1811552/results/happy/happy_62.jpg,happy
https://s3-ap-northeast-1.amazonaws.com/projects.crowd4u.org/s1811552/results/neutral/neutral_14.jpg,neutral
https://s3-ap-northeast-1.amazonaws.com/projects.crowd4u.org/s1811552/results/happy/happy_55.jpg,happy
https://s3-ap-northeast-1.amazonaws.com/projects.crowd4u.org/s1811552/results/disgust/disgust_72.jpg,disgust
https://s3-ap-northeast-1.amazonaws.com/projects.crowd4u.org/s1811552/results/fear/fear_80.jpg,fear
https://s3-ap-northeast-1.amazonaws.com/projects.crowd4u.org/s1811552/results/surprise/surprise_38.jpg,surprise
https://s3-ap-northeast-1.amazonaws.com/projects.crowd4u.org/s1811552/results/fear/fear_96.jpg,fear
https://s3-ap-northeast-1.amazonaws.com/projects.crowd4u.org/s1811552/results/disgust/disgust_40.jpg,disgust
https://s3-ap-northeast-1.amazonaws.com/projects.crowd4u.org/s1811552/results/happy/happy_17.jpg,happy
https://s3-ap-northeast-1.amazonaws.com/projects.crowd4u.org/s1811552/results/happy/happy_94.jpg,happy
https://s3-ap-northeast-1.amazonaws.com/projects.crowd4u.org/s1811552/results/surprise/surprise_77.jpg,surprise
https://s3-ap-northeast-1.amazonaws.com/projects.crowd4u.org/s1811552/results/sad/sad_48.jpg,sad
https://s3-ap-northeast-1.amazonaws.com/projects.crowd4u.org/s1811552/results/neutral/neutral_38.jpg,neutral
https://s3-ap-northeast-1.amazonaws.com/projects.crowd4u.org/s1811552/results/disgust/disgust_15.jpg,disgust
https://s3-ap-northeast-1.amazonaws.com/projects.crowd4u.org/s1811552/results/surprise/surprise_04.jpg,surprise
https://s3-ap-northeast-1.amazonaws.com/projects.crowd4u.org/s1811552/results/fear/fear_44.jpg,fear
https://s3-ap-northeast-1.amazonaws.com/projects.crowd4u.org/s1811552/results/happy/happy_69.jpg,happy
https://s3-ap-northeast-1.amazonaws.com/projects.crowd4u.org/s1811552/results/angry/angry_63.jpg,angry
https://s3-ap-northeast-1.amazonaws.com/projects.crowd4u.org/s1811552/results/neutral/neutral_02.jpg,neutral
https://s3-ap-northeast-1.amazonaws.com/projects.crowd4u.org/s1811552/results/angry/angry_31.jpg,angry
https://s3-ap-northeast-1.amazonaws.com/projects.crowd4u.org/s1811552/results/happy/happy_39.jpg,happy
https://s3-ap-northeast-1.amazonaws.com/projects.crowd4u.org/s1811552/results/disgust/disgust_70.jpg,disgust
https://s3-ap-northeast-1.amazonaws.com/projects.crowd4u.org/s1811552/results/surprise/surprise_87.jpg,surprise
https://s3-ap-northeast-1.amazonaws.com/projects.crowd4u.org/s1811552/results/surprise/surprise_96.jpg,surprise
https://s3-ap-northeast-1.amazonaws.com/projects.crowd4u.org/s1811552/results/angry/angry_65.jpg,angry
https://s3-ap-northeast-1.amazonaws.com/projects.crowd4u.org/s1811552/results/angry/angry_29.jpg,angry
https://s3-ap-northeast-1.amazonaws.com/projects.crowd4u.org/s1811552/results/sad/sad_97.jpg,sad
https://s3-ap-northeast-1.amazonaws.com/projects.crowd4u.org/s1811552/results/neutral/neutral_42.jpg,neutral
https://s3-ap-northeast-1.amazonaws.com/projects.crowd4u.org/s1811552/results/surprise/surprise_64.jpg,surprise
https://s3-ap-northeast-1.amazonaws.com/projects.crowd4u.org/s1811552/results/happy/happy_93.jpg,happy
https://s3-ap-northeast-1.amazonaws.com/projects.crowd4u.org/s1811552/results/surprise/surprise_51.jpg,surprise
https://s3-ap-northeast-1.amazonaws.com/projects.crowd4u.org/s1811552/results/surprise/surprise_14.jpg,surprise
https://s3-ap-northeast-1.amazonaws.com/projects.crowd4u.org/s1811552/results/fear/fear_21.jpg,fear
https://s3-ap-northeast-1.amazonaws.com/projects.crowd4u.org/s1811552/results/surprise/surprise_74.jpg,surprise
https://s3-ap-northeast-1.amazonaws.com/projects.crowd4u.org/s1811552/results/surprise/surprise_80.jpg,surprise
https://s3-ap-northeast-1.amazonaws.com/projects.crowd4u.org/s1811552/results/sad/sad_30.jpg,sad
https://s3-ap-northeast-1.amazonaws.com/projects.crowd4u.org/s1811552/results/surprise/surprise_40.jpg,surprise
https://s3-ap-northeast-1.amazonaws.com/projects.crowd4u.org/s1811552/results/surprise/surprise_20.jpg,surprise
https://s3-ap-northeast-1.amazonaws.com/projects.crowd4u.org/s1811552/results/happy/happy_29.jpg,happy
https://s3-ap-northeast-1.amazonaws.com/projects.crowd4u.org/s1811552/results/happy/happy_00.jpg,happy
https://s3-ap-northeast-1.amazonaws.com/projects.crowd4u.org/s1811552/results/fear/fear_72.jpg,fear
https://s3-ap-northeast-1.amazonaws.com/projects.crowd4u.org/s1811552/results/sad/sad_77.jpg,sad
https://s3-ap-northeast-1.amazonaws.com/projects.crowd4u.org/s1811552/results/angry/angry_30.jpg,angry
https://s3-ap-northeast-1.amazonaws.com/projects.crowd4u.org/s1811552/results/surprise/surprise_41.jpg,surprise
https://s3-ap-northeast-1.amazonaws.com/projects.crowd4u.org/s1811552/results/sad/sad_50.jpg,sad
https://s3-ap-northeast-1.amazonaws.com/projects.crowd4u.org/s1811552/results/fear/fear_99.jpg,fear
https://s3-ap-northeast-1.amazonaws.com/projects.crowd4u.org/s1811552/results/surprise/surprise_16.jpg,surprise
https://s3-ap-northeast-1.amazonaws.com/projects.crowd4u.org/s1811552/results/angry/angry_92.jpg,angry
https://s3-ap-northeast-1.amazonaws.com/projects.crowd4u.org/s1811552/results/surprise/surprise_23.jpg,surprise
https://s3-ap-northeast-1.amazonaws.com/projects.crowd4u.org/s1811552/results/neutral/neutral_05.jpg,neutral
https://s3-ap-northeast-1.amazonaws.com/projects.crowd4u.org/s1811552/results/happy/happy_82.jpg,happy
https://s3-ap-northeast-1.amazonaws.com/projects.crowd4u.org/s1811552/results/fear/fear_35.jpg,fear
https://s3-ap-northeast-1.amazonaws.com/projects.crowd4u.org/s1811552/results/surprise/surprise_32.jpg,surprise
https://s3-ap-northeast-1.amazonaws.com/projects.crowd4u.org/s1811552/results/sad/sad_65.jpg,sad
https://s3-ap-northeast-1.amazonaws.com/projects.crowd4u.org/s1811552/results/neutral/neutral_73.jpg,neutral
https://s3-ap-northeast-1.amazonaws.com/projects.crowd4u.org/s1811552/results/disgust/disgust_95.jpg,disgust
https://s3-ap-northeast-1.amazonaws.com/projects.crowd4u.org/s1811552/results/angry/angry_85.jpg,angry
https://s3-ap-northeast-1.amazonaws.com/projects.crowd4u.org/s1811552/results/angry/angry_03.jpg,angry
https://s3-ap-northeast-1.amazonaws.com/projects.crowd4u.org/s1811552/results/angry/angry_88.jpg,angry
https://s3-ap-northeast-1.amazonaws.com/projects.crowd4u.org/s1811552/results/surprise/surprise_45.jpg,surprise
https://s3-ap-northeast-1.amazonaws.com/projects.crowd4u.org/s1811552/results/fear/fear_18.jpg,fear
https://s3-ap-northeast-1.amazonaws.com/projects.crowd4u.org/s1811552/results/disgust/disgust_43.jpg,disgust
https://s3-ap-northeast-1.amazonaws.com/projects.crowd4u.org/s1811552/results/fear/fear_32.jpg,fear
https://s3-ap-northeast-1.amazonaws.com/projects.crowd4u.org/s1811552/results/surprise/surprise_12.jpg,surprise
https://s3-ap-northeast-1.amazonaws.com/projects.crowd4u.org/s1811552/results/angry/angry_44.jpg,angry
https://s3-ap-northeast-1.amazonaws.com/projects.crowd4u.org/s1811552/results/happy/happy_76.jpg,happy
https://s3-ap-northeast-1.amazonaws.com/projects.crowd4u.org/s1811552/results/angry/angry_75.jpg,angry
https://s3-ap-northeast-1.amazonaws.com/projects.crowd4u.org/s1811552/results/fear/fear_60.jpg,fear
https://s3-ap-northeast-1.amazonaws.com/projects.crowd4u.org/s1811552/results/fear/fear_65.jpg,fear
https://s3-ap-northeast-1.amazonaws.com/projects.crowd4u.org/s1811552/results/sad/sad_71.jpg,sad
https://s3-ap-northeast-1.amazonaws.com/projects.crowd4u.org/s1811552/results/angry/angry_08.jpg,angry
https://s3-ap-northeast-1.amazonaws.com/projects.crowd4u.org/s1811552/results/fear/fear_55.jpg,fear
https://s3-ap-northeast-1.amazonaws.com/projects.crowd4u.org/s1811552/results/neutral/neutral_24.jpg,neutral
https://s3-ap-northeast-1.amazonaws.com/projects.crowd4u.org/s1811552/results/happy/happy_46.jpg,happy
https://s3-ap-northeast-1.amazonaws.com/projects.crowd4u.org/s1811552/results/sad/sad_40.jpg,sad
https://s3-ap-northeast-1.amazonaws.com/projects.crowd4u.org/s1811552/results/sad/sad_53.jpg,sad
https://s3-ap-northeast-1.amazonaws.com/projects.crowd4u.org/s1811552/results/neutral/neutral_09.jpg,neutral
https://s3-ap-northeast-1.amazonaws.com/projects.crowd4u.org/s1811552/results/sad/sad_41.jpg,sad
https://s3-ap-northeast-1.amazonaws.com/projects.crowd4u.org/s1811552/results/neutral/neutral_53.jpg,neutral
https://s3-ap-northeast-1.amazonaws.com/projects.crowd4u.org/s1811552/results/neutral/neutral_84.jpg,neutral
https://s3-ap-northeast-1.amazonaws.com/projects.crowd4u.org/s1811552/results/disgust/disgust_96.jpg,disgust
https://s3-ap-northeast-1.amazonaws.com/projects.crowd4u.org/s1811552/results/neutral/neutral_22.jpg,neutral
https://s3-ap-northeast-1.amazonaws.com/projects.crowd4u.org/s1811552/results/surprise/surprise_01.jpg,surprise
https://s3-ap-northeast-1.amazonaws.com/projects.crowd4u.org/s1811552/results/happy/happy_63.jpg,happy
https://s3-ap-northeast-1.amazonaws.com/projects.crowd4u.org/s1811552/results/neutral/neutral_97.jpg,neutral
https://s3-ap-northeast-1.amazonaws.com/projects.crowd4u.org/s1811552/results/neutral/neutral_49.jpg,neutral
https://s3-ap-northeast-1.amazonaws.com/projects.crowd4u.org/s1811552/results/fear/fear_53.jpg,fear
https://s3-ap-northeast-1.amazonaws.com/projects.crowd4u.org/s1811552/results/surprise/surprise_27.jpg,surprise
https://s3-ap-northeast-1.amazonaws.com/projects.crowd4u.org/s1811552/results/sad/sad_92.jpg,sad
https://s3-ap-northeast-1.amazonaws.com/projects.crowd4u.org/s1811552/results/sad/sad_05.jpg,sad
https://s3-ap-northeast-1.amazonaws.com/projects.crowd4u.org/s1811552/results/sad/sad_72.jpg,sad
https://s3-ap-northeast-1.amazonaws.com/projects.crowd4u.org/s1811552/results/fear/fear_45.jpg,fear
https://s3-ap-northeast-1.amazonaws.com/projects.crowd4u.org/s1811552/results/surprise/surprise_29.jpg,surprise
https://s3-ap-northeast-1.amazonaws.com/projects.crowd4u.org/s1811552/results/angry/angry_51.jpg,angry
https://s3-ap-northeast-1.amazonaws.com/projects.crowd4u.org/s1811552/results/surprise/surprise_92.jpg,surprise
https://s3-ap-northeast-1.amazonaws.com/projects.crowd4u.org/s1811552/results/sad/sad_61.jpg,sad
https://s3-ap-northeast-1.amazonaws.com/projects.crowd4u.org/s1811552/results/angry/angry_23.jpg,angry
https://s3-ap-northeast-1.amazonaws.com/projects.crowd4u.org/s1811552/results/sad/sad_81.jpg,sad
https://s3-ap-northeast-1.amazonaws.com/projects.crowd4u.org/s1811552/results/neutral/neutral_68.jpg,neutral
https://s3-ap-northeast-1.amazonaws.com/projects.crowd4u.org/s1811552/results/angry/angry_47.jpg,angry
https://s3-ap-northeast-1.amazonaws.com/projects.crowd4u.org/s1811552/results/surprise/surprise_05.jpg,surprise
https://s3-ap-northeast-1.amazonaws.com/projects.crowd4u.org/s1811552/results/happy/happy_97.jpg,happy
https://s3-ap-northeast-1.amazonaws.com/projects.crowd4u.org/s1811552/results/happy/happy_09.jpg,happy
https://s3-ap-northeast-1.amazonaws.com/projects.crowd4u.org/s1811552/results/sad/sad_64.jpg,sad
https://s3-ap-northeast-1.amazonaws.com/projects.crowd4u.org/s1811552/results/fear/fear_70.jpg,fear
https://s3-ap-northeast-1.amazonaws.com/projects.crowd4u.org/s1811552/results/surprise/surprise_22.jpg,surprise
https://s3-ap-northeast-1.amazonaws.com/projects.crowd4u.org/s1811552/results/disgust/disgust_18.jpg,disgust
https://s3-ap-northeast-1.amazonaws.com/projects.crowd4u.org/s1811552/results/angry/angry_10.jpg,angry
https://s3-ap-northeast-1.amazonaws.com/projects.crowd4u.org/s1811552/results/fear/fear_74.jpg,fear
https://s3-ap-northeast-1.amazonaws.com/projects.crowd4u.org/s1811552/results/sad/sad_73.jpg,sad
https://s3-ap-northeast-1.amazonaws.com/projects.crowd4u.org/s1811552/results/neutral/neutral_98.jpg,neutral
https://s3-ap-northeast-1.amazonaws.com/projects.crowd4u.org/s1811552/results/neutral/neutral_64.jpg,neutral
https://s3-ap-northeast-1.amazonaws.com/projects.crowd4u.org/s1811552/results/surprise/surprise_59.jpg,surprise
https://s3-ap-northeast-1.amazonaws.com/projects.crowd4u.org/s1811552/results/sad/sad_04.jpg,sad
https://s3-ap-northeast-1.amazonaws.com/projects.crowd4u.org/s1811552/results/angry/angry_50.jpg,angry
https://s3-ap-northeast-1.amazonaws.com/projects.crowd4u.org/s1811552/results/neutral/neutral_40.jpg,neutral
https://s3-ap-northeast-1.amazonaws.com/projects.crowd4u.org/s1811552/results/angry/angry_16.jpg,angry
https://s3-ap-northeast-1.amazonaws.com/projects.crowd4u.org/s1811552/results/happy/happy_48.jpg,happy
https://s3-ap-northeast-1.amazonaws.com/projects.crowd4u.org/s1811552/results/sad/sad_26.jpg,sad
https://s3-ap-northeast-1.amazonaws.com/projects.crowd4u.org/s1811552/results/angry/angry_36.jpg,angry
https://s3-ap-northeast-1.amazonaws.com/projects.crowd4u.org/s1811552/results/surprise/surprise_35.jpg,surprise
https://s3-ap-northeast-1.amazonaws.com/projects.crowd4u.org/s1811552/results/disgust/disgust_77.jpg,disgust
https://s3-ap-northeast-1.amazonaws.com/projects.crowd4u.org/s1811552/results/neutral/neutral_77.jpg,neutral
https://s3-ap-northeast-1.amazonaws.com/projects.crowd4u.org/s1811552/results/surprise/surprise_26.jpg,surprise
https://s3-ap-northeast-1.amazonaws.com/projects.crowd4u.org/s1811552/results/sad/sad_52.jpg,sad
https://s3-ap-northeast-1.amazonaws.com/projects.crowd4u.org/s1811552/results/happy/happy_14.jpg,happy
https://s3-ap-northeast-1.amazonaws.com/projects.crowd4u.org/s1811552/results/disgust/disgust_62.jpg,disgust
https://s3-ap-northeast-1.amazonaws.com/projects.crowd4u.org/s1811552/results/surprise/surprise_89.jpg,surprise
https://s3-ap-northeast-1.amazonaws.com/projects.crowd4u.org/s1811552/results/surprise/surprise_46.jpg,surprise
https://s3-ap-northeast-1.amazonaws.com/projects.crowd4u.org/s1811552/results/angry/angry_64.jpg,angry
https://s3-ap-northeast-1.amazonaws.com/projects.crowd4u.org/s1811552/results/fear/fear_79.jpg,fear
https://s3-ap-northeast-1.amazonaws.com/projects.crowd4u.org/s1811552/results/angry/angry_79.jpg,angry
https://s3-ap-northeast-1.amazonaws.com/projects.crowd4u.org/s1811552/results/angry/angry_43.jpg,angry
https://s3-ap-northeast-1.amazonaws.com/projects.crowd4u.org/s1811552/results/disgust/disgust_79.jpg,disgust
https://s3-ap-northeast-1.amazonaws.com/projects.crowd4u.org/s1811552/results/surprise/surprise_19.jpg,surprise
https://s3-ap-northeast-1.amazonaws.com/projects.crowd4u.org/s1811552/results/fear/fear_63.jpg,fear
https://s3-ap-northeast-1.amazonaws.com/projects.crowd4u.org/s1811552/results/fear/fear_47.jpg,fear
https://s3-ap-northeast-1.amazonaws.com/projects.crowd4u.org/s1811552/results/fear/fear_54.jpg,fear
https://s3-ap-northeast-1.amazonaws.com/projects.crowd4u.org/s1811552/results/surprise/surprise_24.jpg,surprise
https://s3-ap-northeast-1.amazonaws.com/projects.crowd4u.org/s1811552/results/neutral/neutral_95.jpg,neutral
https://s3-ap-northeast-1.amazonaws.com/projects.crowd4u.org/s1811552/results/neutral/neutral_26.jpg,neutral
https://s3-ap-northeast-1.amazonaws.com/projects.crowd4u.org/s1811552/results/fear/fear_15.jpg,fear
https://s3-ap-northeast-1.amazonaws.com/projects.crowd4u.org/s1811552/results/surprise/surprise_68.jpg,surprise
https://s3-ap-northeast-1.amazonaws.com/projects.crowd4u.org/s1811552/results/sad/sad_01.jpg,sad
https://s3-ap-northeast-1.amazonaws.com/projects.crowd4u.org/s1811552/results/disgust/disgust_30.jpg,disgust
https://s3-ap-northeast-1.amazonaws.com/projects.crowd4u.org/s1811552/results/angry/angry_11.jpg,angry
https://s3-ap-northeast-1.amazonaws.com/projects.crowd4u.org/s1811552/results/fear/fear_39.jpg,fear
https://s3-ap-northeast-1.amazonaws.com/projects.crowd4u.org/s1811552/results/sad/sad_12.jpg,sad
https://s3-ap-northeast-1.amazonaws.com/projects.crowd4u.org/s1811552/results/happy/happy_73.jpg,happy
https://s3-ap-northeast-1.amazonaws.com/projects.crowd4u.org/s1811552/results/sad/sad_22.jpg,sad
https://s3-ap-northeast-1.amazonaws.com/projects.crowd4u.org/s1811552/results/angry/angry_99.jpg,angry
https://s3-ap-northeast-1.amazonaws.com/projects.crowd4u.org/s1811552/results/surprise/surprise_55.jpg,surprise
https://s3-ap-northeast-1.amazonaws.com/projects.crowd4u.org/s1811552/results/surprise/surprise_10.jpg,surprise
https://s3-ap-northeast-1.amazonaws.com/projects.crowd4u.org/s1811552/results/disgust/disgust_35.jpg,disgust
https://s3-ap-northeast-1.amazonaws.com/projects.crowd4u.org/s1811552/results/disgust/disgust_44.jpg,disgust
https://s3-ap-northeast-1.amazonaws.com/projects.crowd4u.org/s1811552/results/happy/happy_87.jpg,happy
https://s3-ap-northeast-1.amazonaws.com/projects.crowd4u.org/s1811552/results/sad/sad_03.jpg,sad
https://s3-ap-northeast-1.amazonaws.com/projects.crowd4u.org/s1811552/results/neutral/neutral_79.jpg,neutral
https://s3-ap-northeast-1.amazonaws.com/projects.crowd4u.org/s1811552/results/angry/angry_68.jpg,angry
https://s3-ap-northeast-1.amazonaws.com/projects.crowd4u.org/s1811552/results/fear/fear_57.jpg,fear
https://s3-ap-northeast-1.amazonaws.com/projects.crowd4u.org/s1811552/results/angry/angry_54.jpg,angry
https://s3-ap-northeast-1.amazonaws.com/projects.crowd4u.org/s1811552/results/neutral/neutral_08.jpg,neutral
https://s3-ap-northeast-1.amazonaws.com/projects.crowd4u.org/s1811552/results/angry/angry_45.jpg,angry
https://s3-ap-northeast-1.amazonaws.com/projects.crowd4u.org/s1811552/results/angry/angry_18.jpg,angry
https://s3-ap-northeast-1.amazonaws.com/projects.crowd4u.org/s1811552/results/fear/fear_76.jpg,fear
https://s3-ap-northeast-1.amazonaws.com/projects.crowd4u.org/s1811552/results/angry/angry_94.jpg,angry
https://s3-ap-northeast-1.amazonaws.com/projects.crowd4u.org/s1811552/results/neutral/neutral_32.jpg,neutral
https://s3-ap-northeast-1.amazonaws.com/projects.crowd4u.org/s1811552/results/angry/angry_25.jpg,angry
https://s3-ap-northeast-1.amazonaws.com/projects.crowd4u.org/s1811552/results/disgust/disgust_01.jpg,disgust
https://s3-ap-northeast-1.amazonaws.com/projects.crowd4u.org/s1811552/results/neutral/neutral_01.jpg,neutral
https://s3-ap-northeast-1.amazonaws.com/projects.crowd4u.org/s1811552/results/sad/sad_08.jpg,sad
https://s3-ap-northeast-1.amazonaws.com/projects.crowd4u.org/s1811552/results/disgust/disgust_07.jpg,disgust
https://s3-ap-northeast-1.amazonaws.com/projects.crowd4u.org/s1811552/results/disgust/disgust_17.jpg,disgust
https://s3-ap-northeast-1.amazonaws.com/projects.crowd4u.org/s1811552/results/fear/fear_14.jpg,fear
https://s3-ap-northeast-1.amazonaws.com/projects.crowd4u.org/s1811552/results/surprise/surprise_69.jpg,surprise
https://s3-ap-northeast-1.amazonaws.com/projects.crowd4u.org/s1811552/results/neutral/neutral_03.jpg,neutral
https://s3-ap-northeast-1.amazonaws.com/projects.crowd4u.org/s1811552/results/disgust/disgust_39.jpg,disgust
https://s3-ap-northeast-1.amazonaws.com/projects.crowd4u.org/s1811552/results/fear/fear_03.jpg,fear
https://s3-ap-northeast-1.amazonaws.com/projects.crowd4u.org/s1811552/results/neutral/neutral_90.jpg,neutral
https://s3-ap-northeast-1.amazonaws.com/projects.crowd4u.org/s1811552/results/happy/happy_92.jpg,happy
https://s3-ap-northeast-1.amazonaws.com/projects.crowd4u.org/s1811552/results/happy/happy_31.jpg,happy
https://s3-ap-northeast-1.amazonaws.com/projects.crowd4u.org/s1811552/results/happy/happy_10.jpg,happy
https://s3-ap-northeast-1.amazonaws.com/projects.crowd4u.org/s1811552/results/happy/happy_41.jpg,happy
https://s3-ap-northeast-1.amazonaws.com/projects.crowd4u.org/s1811552/results/neutral/neutral_21.jpg,neutral
https://s3-ap-northeast-1.amazonaws.com/projects.crowd4u.org/s1811552/results/fear/fear_89.jpg,fear
https://s3-ap-northeast-1.amazonaws.com/projects.crowd4u.org/s1811552/results/neutral/neutral_80.jpg,neutral
https://s3-ap-northeast-1.amazonaws.com/projects.crowd4u.org/s1811552/results/sad/sad_09.jpg,sad
https://s3-ap-northeast-1.amazonaws.com/projects.crowd4u.org/s1811552/results/neutral/neutral_12.jpg,neutral
https://s3-ap-northeast-1.amazonaws.com/projects.crowd4u.org/s1811552/results/disgust/disgust_13.jpg,disgust
https://s3-ap-northeast-1.amazonaws.com/projects.crowd4u.org/s1811552/results/sad/sad_34.jpg,sad
https://s3-ap-northeast-1.amazonaws.com/projects.crowd4u.org/s1811552/results/sad/sad_78.jpg,sad
https://s3-ap-northeast-1.amazonaws.com/projects.crowd4u.org/s1811552/results/fear/fear_84.jpg,fear
https://s3-ap-northeast-1.amazonaws.com/projects.crowd4u.org/s1811552/results/disgust/disgust_50.jpg,disgust
https://s3-ap-northeast-1.amazonaws.com/projects.crowd4u.org/s1811552/results/happy/happy_24.jpg,happy
https://s3-ap-northeast-1.amazonaws.com/projects.crowd4u.org/s1811552/results/surprise/surprise_79.jpg,surprise
https://s3-ap-northeast-1.amazonaws.com/projects.crowd4u.org/s1811552/results/fear/fear_90.jpg,fear
https://s3-ap-northeast-1.amazonaws.com/projects.crowd4u.org/s1811552/results/neutral/neutral_82.jpg,neutral
https://s3-ap-northeast-1.amazonaws.com/projects.crowd4u.org/s1811552/results/neutral/neutral_31.jpg,neutral
https://s3-ap-northeast-1.amazonaws.com/projects.crowd4u.org/s1811552/results/happy/happy_44.jpg,happy
https://s3-ap-northeast-1.amazonaws.com/projects.crowd4u.org/s1811552/results/disgust/disgust_81.jpg,disgust
https://s3-ap-northeast-1.amazonaws.com/projects.crowd4u.org/s1811552/results/angry/angry_22.jpg,angry
https://s3-ap-northeast-1.amazonaws.com/projects.crowd4u.org/s1811552/results/happy/happy_75.jpg,happy
https://s3-ap-northeast-1.amazonaws.com/projects.crowd4u.org/s1811552/results/fear/fear_04.jpg,fear
https://s3-ap-northeast-1.amazonaws.com/projects.crowd4u.org/s1811552/results/fear/fear_88.jpg,fear
https://s3-ap-northeast-1.amazonaws.com/projects.crowd4u.org/s1811552/results/fear/fear_29.jpg,fear
https://s3-ap-northeast-1.amazonaws.com/projects.crowd4u.org/s1811552/results/sad/sad_91.jpg,sad
https://s3-ap-northeast-1.amazonaws.com/projects.crowd4u.org/s1811552/results/disgust/disgust_63.jpg,disgust
https://s3-ap-northeast-1.amazonaws.com/projects.crowd4u.org/s1811552/results/happy/happy_30.jpg,happy
https://s3-ap-northeast-1.amazonaws.com/projects.crowd4u.org/s1811552/results/happy/happy_21.jpg,happy
https://s3-ap-northeast-1.amazonaws.com/projects.crowd4u.org/s1811552/results/disgust/disgust_03.jpg,disgust
https://s3-ap-northeast-1.amazonaws.com/projects.crowd4u.org/s1811552/results/happy/happy_53.jpg,happy
https://s3-ap-northeast-1.amazonaws.com/projects.crowd4u.org/s1811552/results/sad/sad_86.jpg,sad
https://s3-ap-northeast-1.amazonaws.com/projects.crowd4u.org/s1811552/results/neutral/neutral_59.jpg,neutral
https://s3-ap-northeast-1.amazonaws.com/projects.crowd4u.org/s1811552/results/disgust/disgust_66.jpg,disgust
https://s3-ap-northeast-1.amazonaws.com/projects.crowd4u.org/s1811552/results/disgust/disgust_06.jpg,disgust
https://s3-ap-northeast-1.amazonaws.com/projects.crowd4u.org/s1811552/results/angry/angry_15.jpg,angry
https://s3-ap-northeast-1.amazonaws.com/projects.crowd4u.org/s1811552/results/sad/sad_49.jpg,sad
https://s3-ap-northeast-1.amazonaws.com/projects.crowd4u.org/s1811552/results/sad/sad_85.jpg,sad
https://s3-ap-northeast-1.amazonaws.com/projects.crowd4u.org/s1811552/results/angry/angry_57.jpg,angry
https://s3-ap-northeast-1.amazonaws.com/projects.crowd4u.org/s1811552/results/sad/sad_60.jpg,sad
https://s3-ap-northeast-1.amazonaws.com/projects.crowd4u.org/s1811552/results/disgust/disgust_14.jpg,disgust
https://s3-ap-northeast-1.amazonaws.com/projects.crowd4u.org/s1811552/results/disgust/disgust_37.jpg,disgust
https://s3-ap-northeast-1.amazonaws.com/projects.crowd4u.org/s1811552/results/disgust/disgust_25.jpg,disgust
https://s3-ap-northeast-1.amazonaws.com/projects.crowd4u.org/s1811552/results/happy/happy_56.jpg,happy
https://s3-ap-northeast-1.amazonaws.com/projects.crowd4u.org/s1811552/results/happy/happy_33.jpg,happy
https://s3-ap-northeast-1.amazonaws.com/projects.crowd4u.org/s1811552/results/neutral/neutral_61.jpg,neutral
https://s3-ap-northeast-1.amazonaws.com/projects.crowd4u.org/s1811552/results/fear/fear_64.jpg,fear
https://s3-ap-northeast-1.amazonaws.com/projects.crowd4u.org/s1811552/results/fear/fear_85.jpg,fear
https://s3-ap-northeast-1.amazonaws.com/projects.crowd4u.org/s1811552/results/disgust/disgust_29.jpg,disgust
https://s3-ap-northeast-1.amazonaws.com/projects.crowd4u.org/s1811552/results/neutral/neutral_15.jpg,neutral
https://s3-ap-northeast-1.amazonaws.com/projects.crowd4u.org/s1811552/results/neutral/neutral_07.jpg,neutral
https://s3-ap-northeast-1.amazonaws.com/projects.crowd4u.org/s1811552/results/disgust/disgust_19.jpg,disgust
https://s3-ap-northeast-1.amazonaws.com/projects.crowd4u.org/s1811552/results/happy/happy_43.jpg,happy
https://s3-ap-northeast-1.amazonaws.com/projects.crowd4u.org/s1811552/results/neutral/neutral_94.jpg,neutral
https://s3-ap-northeast-1.amazonaws.com/projects.crowd4u.org/s1811552/results/surprise/surprise_84.jpg,surprise
https://s3-ap-northeast-1.amazonaws.com/projects.crowd4u.org/s1811552/results/surprise/surprise_39.jpg,surprise
https://s3-ap-northeast-1.amazonaws.com/projects.crowd4u.org/s1811552/results/angry/angry_55.jpg,angry
https://s3-ap-northeast-1.amazonaws.com/projects.crowd4u.org/s1811552/results/surprise/surprise_63.jpg,surprise
https://s3-ap-northeast-1.amazonaws.com/projects.crowd4u.org/s1811552/results/angry/angry_32.jpg,angry
https://s3-ap-northeast-1.amazonaws.com/projects.crowd4u.org/s1811552/results/neutral/neutral_71.jpg,neutral
https://s3-ap-northeast-1.amazonaws.com/projects.crowd4u.org/s1811552/results/disgust/disgust_64.jpg,disgust
https://s3-ap-northeast-1.amazonaws.com/projects.crowd4u.org/s1811552/results/neutral/neutral_51.jpg,neutral
https://s3-ap-northeast-1.amazonaws.com/projects.crowd4u.org/s1811552/results/happy/happy_01.jpg,happy
https://s3-ap-northeast-1.amazonaws.com/projects.crowd4u.org/s1811552/results/angry/angry_53.jpg,angry
https://s3-ap-northeast-1.amazonaws.com/projects.crowd4u.org/s1811552/results/sad/sad_07.jpg,sad
https://s3-ap-northeast-1.amazonaws.com/projects.crowd4u.org/s1811552/results/angry/angry_96.jpg,angry
https://s3-ap-northeast-1.amazonaws.com/projects.crowd4u.org/s1811552/results/surprise/surprise_08.jpg,surprise
https://s3-ap-northeast-1.amazonaws.com/projects.crowd4u.org/s1811552/results/surprise/surprise_42.jpg,surprise
https://s3-ap-northeast-1.amazonaws.com/projects.crowd4u.org/s1811552/results/neutral/neutral_46.jpg,neutral
https://s3-ap-northeast-1.amazonaws.com/projects.crowd4u.org/s1811552/results/fear/fear_28.jpg,fear
https://s3-ap-northeast-1.amazonaws.com/projects.crowd4u.org/s1811552/results/neutral/neutral_86.jpg,neutral
https://s3-ap-northeast-1.amazonaws.com/projects.crowd4u.org/s1811552/results/happy/happy_57.jpg,happy
https://s3-ap-northeast-1.amazonaws.com/projects.crowd4u.org/s1811552/results/disgust/disgust_38.jpg,disgust
https://s3-ap-northeast-1.amazonaws.com/projects.crowd4u.org/s1811552/results/neutral/neutral_67.jpg,neutral
https://s3-ap-northeast-1.amazonaws.com/projects.crowd4u.org/s1811552/results/disgust/disgust_11.jpg,disgust
https://s3-ap-northeast-1.amazonaws.com/projects.crowd4u.org/s1811552/results/surprise/surprise_70.jpg,surprise
https://s3-ap-northeast-1.amazonaws.com/projects.crowd4u.org/s1811552/results/fear/fear_77.jpg,fear
https://s3-ap-northeast-1.amazonaws.com/projects.crowd4u.org/s1811552/results/angry/angry_87.jpg,angry
https://s3-ap-northeast-1.amazonaws.com/projects.crowd4u.org/s1811552/results/sad/sad_27.jpg,sad
https://s3-ap-northeast-1.amazonaws.com/projects.crowd4u.org/s1811552/results/sad/sad_32.jpg,sad
https://s3-ap-northeast-1.amazonaws.com/projects.crowd4u.org/s1811552/results/sad/sad_25.jpg,sad
https://s3-ap-northeast-1.amazonaws.com/projects.crowd4u.org/s1811552/results/happy/happy_96.jpg,happy
https://s3-ap-northeast-1.amazonaws.com/projects.crowd4u.org/s1811552/results/surprise/surprise_49.jpg,surprise
https://s3-ap-northeast-1.amazonaws.com/projects.crowd4u.org/s1811552/results/surprise/surprise_00.jpg,surprise
https://s3-ap-northeast-1.amazonaws.com/projects.crowd4u.org/s1811552/results/fear/fear_23.jpg,fear
https://s3-ap-northeast-1.amazonaws.com/projects.crowd4u.org/s1811552/results/happy/happy_40.jpg,happy
https://s3-ap-northeast-1.amazonaws.com/projects.crowd4u.org/s1811552/results/fear/fear_91.jpg,fear
https://s3-ap-northeast-1.amazonaws.com/projects.crowd4u.org/s1811552/results/angry/angry_84.jpg,angry
https://s3-ap-northeast-1.amazonaws.com/projects.crowd4u.org/s1811552/results/fear/fear_19.jpg,fear
https://s3-ap-northeast-1.amazonaws.com/projects.crowd4u.org/s1811552/results/fear/fear_02.jpg,fear
https://s3-ap-northeast-1.amazonaws.com/projects.crowd4u.org/s1811552/results/sad/sad_44.jpg,sad
https://s3-ap-northeast-1.amazonaws.com/projects.crowd4u.org/s1811552/results/fear/fear_69.jpg,fear
https://s3-ap-northeast-1.amazonaws.com/projects.crowd4u.org/s1811552/results/neutral/neutral_43.jpg,neutral
https://s3-ap-northeast-1.amazonaws.com/projects.crowd4u.org/s1811552/results/neutral/neutral_34.jpg,neutral
https://s3-ap-northeast-1.amazonaws.com/projects.crowd4u.org/s1811552/results/happy/happy_12.jpg,happy
https://s3-ap-northeast-1.amazonaws.com/projects.crowd4u.org/s1811552/results/surprise/surprise_15.jpg,surprise
https://s3-ap-northeast-1.amazonaws.com/projects.crowd4u.org/s1811552/results/neutral/neutral_45.jpg,neutral
https://s3-ap-northeast-1.amazonaws.com/projects.crowd4u.org/s1811552/results/fear/fear_20.jpg,fear
https://s3-ap-northeast-1.amazonaws.com/projects.crowd4u.org/s1811552/results/happy/happy_80.jpg,happy
https://s3-ap-northeast-1.amazonaws.com/projects.crowd4u.org/s1811552/results/surprise/surprise_86.jpg,surprise
https://s3-ap-northeast-1.amazonaws.com/projects.crowd4u.org/s1811552/results/happy/happy_16.jpg,happy
https://s3-ap-northeast-1.amazonaws.com/projects.crowd4u.org/s1811552/results/disgust/disgust_41.jpg,disgust
https://s3-ap-northeast-1.amazonaws.com/projects.crowd4u.org/s1811552/results/surprise/surprise_95.jpg,surprise
https://s3-ap-northeast-1.amazonaws.com/projects.crowd4u.org/s1811552/results/sad/sad_76.jpg,sad
https://s3-ap-northeast-1.amazonaws.com/projects.crowd4u.org/s1811552/results/angry/angry_27.jpg,angry
https://s3-ap-northeast-1.amazonaws.com/projects.crowd4u.org/s1811552/results/happy/happy_13.jpg,happy
https://s3-ap-northeast-1.amazonaws.com/projects.crowd4u.org/s1811552/results/angry/angry_21.jpg,angry
https://s3-ap-northeast-1.amazonaws.com/projects.crowd4u.org/s1811552/results/neutral/neutral_17.jpg,neutral
https://s3-ap-northeast-1.amazonaws.com/projects.crowd4u.org/s1811552/results/happy/happy_71.jpg,happy
https://s3-ap-northeast-1.amazonaws.com/projects.crowd4u.org/s1811552/results/fear/fear_78.jpg,fear
https://s3-ap-northeast-1.amazonaws.com/projects.crowd4u.org/s1811552/results/fear/fear_25.jpg,fear
https://s3-ap-northeast-1.amazonaws.com/projects.crowd4u.org/s1811552/results/angry/angry_49.jpg,angry
https://s3-ap-northeast-1.amazonaws.com/projects.crowd4u.org/s1811552/results/disgust/disgust_60.jpg,disgust
https://s3-ap-northeast-1.amazonaws.com/projects.crowd4u.org/s1811552/results/angry/angry_14.jpg,angry
https://s3-ap-northeast-1.amazonaws.com/projects.crowd4u.org/s1811552/results/surprise/surprise_72.jpg,surprise
https://s3-ap-northeast-1.amazonaws.com/projects.crowd4u.org/s1811552/results/fear/fear_49.jpg,fear
https://s3-ap-northeast-1.amazonaws.com/projects.crowd4u.org/s1811552/results/disgust/disgust_68.jpg,disgust
https://s3-ap-northeast-1.amazonaws.com/projects.crowd4u.org/s1811552/results/sad/sad_43.jpg,sad
https://s3-ap-northeast-1.amazonaws.com/projects.crowd4u.org/s1811552/results/disgust/disgust_87.jpg,disgust
https://s3-ap-northeast-1.amazonaws.com/projects.crowd4u.org/s1811552/results/fear/fear_43.jpg,fear
https://s3-ap-northeast-1.amazonaws.com/projects.crowd4u.org/s1811552/results/disgust/disgust_98.jpg,disgust
https://s3-ap-northeast-1.amazonaws.com/projects.crowd4u.org/s1811552/results/surprise/surprise_90.jpg,surprise
https://s3-ap-northeast-1.amazonaws.com/projects.crowd4u.org/s1811552/results/sad/sad_56.jpg,sad
https://s3-ap-northeast-1.amazonaws.com/projects.crowd4u.org/s1811552/results/disgust/disgust_12.jpg,disgust
https://s3-ap-northeast-1.amazonaws.com/projects.crowd4u.org/s1811552/results/disgust/disgust_22.jpg,disgust
https://s3-ap-northeast-1.amazonaws.com/projects.crowd4u.org/s1811552/results/surprise/surprise_02.jpg,surprise
https://s3-ap-northeast-1.amazonaws.com/projects.crowd4u.org/s1811552/results/disgust/disgust_42.jpg,disgust
https://s3-ap-northeast-1.amazonaws.com/projects.crowd4u.org/s1811552/results/neutral/neutral_33.jpg,neutral
https://s3-ap-northeast-1.amazonaws.com/projects.crowd4u.org/s1811552/results/happy/happy_67.jpg,happy
https://s3-ap-northeast-1.amazonaws.com/projects.crowd4u.org/s1811552/results/surprise/surprise_25.jpg,surprise
https://s3-ap-northeast-1.amazonaws.com/projects.crowd4u.org/s1811552/results/disgust/disgust_67.jpg,disgust
https://s3-ap-northeast-1.amazonaws.com/projects.crowd4u.org/s1811552/results/sad/sad_00.jpg,sad
https://s3-ap-northeast-1.amazonaws.com/projects.crowd4u.org/s1811552/results/sad/sad_79.jpg,sad
https://s3-ap-northeast-1.amazonaws.com/projects.crowd4u.org/s1811552/results/angry/angry_67.jpg,angry
https://s3-ap-northeast-1.amazonaws.com/projects.crowd4u.org/s1811552/results/angry/angry_89.jpg,angry
https://s3-ap-northeast-1.amazonaws.com/projects.crowd4u.org/s1811552/results/angry/angry_07.jpg,angry
https://s3-ap-northeast-1.amazonaws.com/projects.crowd4u.org/s1811552/results/angry/angry_80.jpg,angry
https://s3-ap-northeast-1.amazonaws.com/projects.crowd4u.org/s1811552/results/happy/happy_65.jpg,happy
https://s3-ap-northeast-1.amazonaws.com/projects.crowd4u.org/s1811552/results/happy/happy_20.jpg,happy
https://s3-ap-northeast-1.amazonaws.com/projects.crowd4u.org/s1811552/results/happy/happy_04.jpg,happy
https://s3-ap-northeast-1.amazonaws.com/projects.crowd4u.org/s1811552/results/angry/angry_33.jpg,angry
https://s3-ap-northeast-1.amazonaws.com/projects.crowd4u.org/s1811552/results/happy/happy_79.jpg,happy
https://s3-ap-northeast-1.amazonaws.com/projects.crowd4u.org/s1811552/results/surprise/surprise_50.jpg,surprise
https://s3-ap-northeast-1.amazonaws.com/projects.crowd4u.org/s1811552/results/neutral/neutral_55.jpg,neutral
https://s3-ap-northeast-1.amazonaws.com/projects.crowd4u.org/s1811552/results/surprise/surprise_97.jpg,surprise
https://s3-ap-northeast-1.amazonaws.com/projects.crowd4u.org/s1811552/results/sad/sad_69.jpg,sad
https://s3-ap-northeast-1.amazonaws.com/projects.crowd4u.org/s1811552/results/surprise/surprise_48.jpg,surprise
https://s3-ap-northeast-1.amazonaws.com/projects.crowd4u.org/s1811552/results/surprise/surprise_58.jpg,surprise
https://s3-ap-northeast-1.amazonaws.com/projects.crowd4u.org/s1811552/results/fear/fear_59.jpg,fear
https://s3-ap-northeast-1.amazonaws.com/projects.crowd4u.org/s1811552/results/happy/happy_27.jpg,happy
https://s3-ap-northeast-1.amazonaws.com/projects.crowd4u.org/s1811552/results/surprise/surprise_36.jpg,surprise
https://s3-ap-northeast-1.amazonaws.com/projects.crowd4u.org/s1811552/results/happy/happy_88.jpg,happy
https://s3-ap-northeast-1.amazonaws.com/projects.crowd4u.org/s1811552/results/sad/sad_70.jpg,sad
https://s3-ap-northeast-1.amazonaws.com/projects.crowd4u.org/s1811552/results/neutral/neutral_66.jpg,neutral
https://s3-ap-northeast-1.amazonaws.com/projects.crowd4u.org/s1811552/results/happy/happy_26.jpg,happy
https://s3-ap-northeast-1.amazonaws.com/projects.crowd4u.org/s1811552/results/happy/happy_74.jpg,happy
https://s3-ap-northeast-1.amazonaws.com/projects.crowd4u.org/s1811552/results/angry/angry_05.jpg,angry
https://s3-ap-northeast-1.amazonaws.com/projects.crowd4u.org/s1811552/results/angry/angry_62.jpg,angry
https://s3-ap-northeast-1.amazonaws.com/projects.crowd4u.org/s1811552/results/happy/happy_34.jpg,happy
https://s3-ap-northeast-1.amazonaws.com/projects.crowd4u.org/s1811552/results/disgust/disgust_88.jpg,disgust
https://s3-ap-northeast-1.amazonaws.com/projects.crowd4u.org/s1811552/results/sad/sad_99.jpg,sad
https://s3-ap-northeast-1.amazonaws.com/projects.crowd4u.org/s1811552/results/fear/fear_10.jpg,fear
https://s3-ap-northeast-1.amazonaws.com/projects.crowd4u.org/s1811552/results/fear/fear_93.jpg,fear
https://s3-ap-northeast-1.amazonaws.com/projects.crowd4u.org/s1811552/results/angry/angry_69.jpg,angry
https://s3-ap-northeast-1.amazonaws.com/projects.crowd4u.org/s1811552/results/fear/fear_41.jpg,fear
https://s3-ap-northeast-1.amazonaws.com/projects.crowd4u.org/s1811552/results/happy/happy_38.jpg,happy
https://s3-ap-northeast-1.amazonaws.com/projects.crowd4u.org/s1811552/results/happy/happy_70.jpg,happy
https://s3-ap-northeast-1.amazonaws.com/projects.crowd4u.org/s1811552/results/disgust/disgust_28.jpg,disgust
https://s3-ap-northeast-1.amazonaws.com/projects.crowd4u.org/s1811552/results/surprise/surprise_83.jpg,surprise
https://s3-ap-northeast-1.amazonaws.com/projects.crowd4u.org/s1811552/results/sad/sad_47.jpg,sad
https://s3-ap-northeast-1.amazonaws.com/projects.crowd4u.org/s1811552/results/fear/fear_33.jpg,fear
https://s3-ap-northeast-1.amazonaws.com/projects.crowd4u.org/s1811552/results/sad/sad_39.jpg,sad
https://s3-ap-northeast-1.amazonaws.com/projects.crowd4u.org/s1811552/results/neutral/neutral_41.jpg,neutral
https://s3-ap-northeast-1.amazonaws.com/projects.crowd4u.org/s1811552/results/angry/angry_17.jpg,angry
https://s3-ap-northeast-1.amazonaws.com/projects.crowd4u.org/s1811552/results/fear/fear_30.jpg,fear
https://s3-ap-northeast-1.amazonaws.com/projects.crowd4u.org/s1811552/results/angry/angry_70.jpg,angry
https://s3-ap-northeast-1.amazonaws.com/projects.crowd4u.org/s1811552/results/angry/angry_66.jpg,angry
https://s3-ap-northeast-1.amazonaws.com/projects.crowd4u.org/s1811552/results/neutral/neutral_57.jpg,neutral
https://s3-ap-northeast-1.amazonaws.com/projects.crowd4u.org/s1811552/results/angry/angry_61.jpg,angry
https://s3-ap-northeast-1.amazonaws.com/projects.crowd4u.org/s1811552/results/happy/happy_18.jpg,happy
https://s3-ap-northeast-1.amazonaws.com/projects.crowd4u.org/s1811552/results/neutral/neutral_72.jpg,neutral
https://s3-ap-northeast-1.amazonaws.com/projects.crowd4u.org/s1811552/results/happy/happy_61.jpg,happy
https://s3-ap-northeast-1.amazonaws.com/projects.crowd4u.org/s1811552/results/fear/fear_95.jpg,fear
https://s3-ap-northeast-1.amazonaws.com/projects.crowd4u.org/s1811552/results/fear/fear_81.jpg,fear
https://s3-ap-northeast-1.amazonaws.com/projects.crowd4u.org/s1811552/results/neutral/neutral_89.jpg,neutral
https://s3-ap-northeast-1.amazonaws.com/projects.crowd4u.org/s1811552/results/surprise/surprise_78.jpg,surprise
https://s3-ap-northeast-1.amazonaws.com/projects.crowd4u.org/s1811552/results/fear/fear_66.jpg,fear
https://s3-ap-northeast-1.amazonaws.com/projects.crowd4u.org/s1811552/results/sad/sad_89.jpg,sad
https://s3-ap-northeast-1.amazonaws.com/projects.crowd4u.org/s1811552/results/disgust/disgust_00.jpg,disgust
https://s3-ap-northeast-1.amazonaws.com/projects.crowd4u.org/s1811552/results/disgust/disgust_91.jpg,disgust
https://s3-ap-northeast-1.amazonaws.com/projects.crowd4u.org/s1811552/results/neutral/neutral_39.jpg,neutral
https://s3-ap-northeast-1.amazonaws.com/projects.crowd4u.org/s1811552/results/fear/fear_08.jpg,fear
https://s3-ap-northeast-1.amazonaws.com/projects.crowd4u.org/s1811552/results/disgust/disgust_08.jpg,disgust
https://s3-ap-northeast-1.amazonaws.com/projects.crowd4u.org/s1811552/results/disgust/disgust_99.jpg,disgust
https://s3-ap-northeast-1.amazonaws.com/projects.crowd4u.org/s1811552/results/disgust/disgust_54.jpg,disgust
https://s3-ap-northeast-1.amazonaws.com/projects.crowd4u.org/s1811552/results/happy/happy_32.jpg,happy
https://s3-ap-northeast-1.amazonaws.com/projects.crowd4u.org/s1811552/results/fear/fear_06.jpg,fear
https://s3-ap-northeast-1.amazonaws.com/projects.crowd4u.org/s1811552/results/surprise/surprise_43.jpg,surprise
https://s3-ap-northeast-1.amazonaws.com/projects.crowd4u.org/s1811552/results/disgust/disgust_74.jpg,disgust
https://s3-ap-northeast-1.amazonaws.com/projects.crowd4u.org/s1811552/results/happy/happy_36.jpg,happy
https://s3-ap-northeast-1.amazonaws.com/projects.crowd4u.org/s1811552/results/sad/sad_55.jpg,sad
https://s3-ap-northeast-1.amazonaws.com/projects.crowd4u.org/s1811552/results/surprise/surprise_62.jpg,surprise
https://s3-ap-northeast-1.amazonaws.com/projects.crowd4u.org/s1811552/results/disgust/disgust_27.jpg,disgust
https://s3-ap-northeast-1.amazonaws.com/projects.crowd4u.org/s1811552/results/angry/angry_90.jpg,angry
https://s3-ap-northeast-1.amazonaws.com/projects.crowd4u.org/s1811552/results/angry/angry_02.jpg,angry
https://s3-ap-northeast-1.amazonaws.com/projects.crowd4u.org/s1811552/results/happy/happy_37.jpg,happy
https://s3-ap-northeast-1.amazonaws.com/projects.crowd4u.org/s1811552/results/fear/fear_34.jpg,fear
https://s3-ap-northeast-1.amazonaws.com/projects.crowd4u.org/s1811552/results/fear/fear_27.jpg,fear
https://s3-ap-northeast-1.amazonaws.com/projects.crowd4u.org/s1811552/results/happy/happy_08.jpg,happy
https://s3-ap-northeast-1.amazonaws.com/projects.crowd4u.org/s1811552/results/angry/angry_26.jpg,angry
https://s3-ap-northeast-1.amazonaws.com/projects.crowd4u.org/s1811552/results/sad/sad_21.jpg,sad
https://s3-ap-northeast-1.amazonaws.com/projects.crowd4u.org/s1811552/results/fear/fear_73.jpg,fear
https://s3-ap-northeast-1.amazonaws.com/projects.crowd4u.org/s1811552/results/neutral/neutral_52.jpg,neutral
https://s3-ap-northeast-1.amazonaws.com/projects.crowd4u.org/s1811552/results/surprise/surprise_65.jpg,surprise
https://s3-ap-northeast-1.amazonaws.com/projects.crowd4u.org/s1811552/results/surprise/surprise_99.jpg,surprise
https://s3-ap-northeast-1.amazonaws.com/projects.crowd4u.org/s1811552/results/disgust/disgust_94.jpg,disgust
https://s3-ap-northeast-1.amazonaws.com/projects.crowd4u.org/s1811552/results/neutral/neutral_06.jpg,neutral
https://s3-ap-northeast-1.amazonaws.com/projects.crowd4u.org/s1811552/results/angry/angry_77.jpg,angry
https://s3-ap-northeast-1.amazonaws.com/projects.crowd4u.org/s1811552/results/sad/sad_23.jpg,sad
https://s3-ap-northeast-1.amazonaws.com/projects.crowd4u.org/s1811552/results/angry/angry_95.jpg,angry
https://s3-ap-northeast-1.amazonaws.com/projects.crowd4u.org/s1811552/results/happy/happy_05.jpg,happy
https://s3-ap-northeast-1.amazonaws.com/projects.crowd4u.org/s1811552/results/neutral/neutral_35.jpg,neutral
https://s3-ap-northeast-1.amazonaws.com/projects.crowd4u.org/s1811552/results/happy/happy_02.jpg,happy
https://s3-ap-northeast-1.amazonaws.com/projects.crowd4u.org/s1811552/results/sad/sad_88.jpg,sad
https://s3-ap-northeast-1.amazonaws.com/projects.crowd4u.org/s1811552/results/surprise/surprise_67.jpg,surprise
https://s3-ap-northeast-1.amazonaws.com/projects.crowd4u.org/s1811552/results/surprise/surprise_13.jpg,surprise
https://s3-ap-northeast-1.amazonaws.com/projects.crowd4u.org/s1811552/results/happy/happy_51.jpg,happy
https://s3-ap-northeast-1.amazonaws.com/projects.crowd4u.org/s1811552/results/disgust/disgust_82.jpg,disgust
https://s3-ap-northeast-1.amazonaws.com/projects.crowd4u.org/s1811552/results/sad/sad_80.jpg,sad
https://s3-ap-northeast-1.amazonaws.com/projects.crowd4u.org/s1811552/results/happy/happy_95.jpg,happy
https://s3-ap-northeast-1.amazonaws.com/projects.crowd4u.org/s1811552/results/fear/fear_36.jpg,fear
https://s3-ap-northeast-1.amazonaws.com/projects.crowd4u.org/s1811552/results/angry/angry_58.jpg,angry
https://s3-ap-northeast-1.amazonaws.com/projects.crowd4u.org/s1811552/results/fear/fear_31.jpg,fear
https://s3-ap-northeast-1.amazonaws.com/projects.crowd4u.org/s1811552/results/disgust/disgust_20.jpg,disgust
https://s3-ap-northeast-1.amazonaws.com/projects.crowd4u.org/s1811552/results/surprise/surprise_03.jpg,surprise
https://s3-ap-northeast-1.amazonaws.com/projects.crowd4u.org/s1811552/results/neutral/neutral_00.jpg,neutral
https://s3-ap-northeast-1.amazonaws.com/projects.crowd4u.org/s1811552/results/surprise/surprise_30.jpg,surprise
https://s3-ap-northeast-1.amazonaws.com/projects.crowd4u.org/s1811552/results/angry/angry_13.jpg,angry
https://s3-ap-northeast-1.amazonaws.com/projects.crowd4u.org/s1811552/results/happy/happy_35.jpg,happy
https://s3-ap-northeast-1.amazonaws.com/projects.crowd4u.org/s1811552/results/disgust/disgust_78.jpg,disgust
https://s3-ap-northeast-1.amazonaws.com/projects.crowd4u.org/s1811552/results/happy/happy_77.jpg,happy
https://s3-ap-northeast-1.amazonaws.com/projects.crowd4u.org/s1811552/results/angry/angry_98.jpg,angry
https://s3-ap-northeast-1.amazonaws.com/projects.crowd4u.org/s1811552/results/angry/angry_20.jpg,angry
https://s3-ap-northeast-1.amazonaws.com/projects.crowd4u.org/s1811552/results/happy/happy_54.jpg,happy
https://s3-ap-northeast-1.amazonaws.com/projects.crowd4u.org/s1811552/results/happy/happy_81.jpg,happy
https://s3-ap-northeast-1.amazonaws.com/projects.crowd4u.org/s1811552/results/disgust/disgust_52.jpg,disgust
https://s3-ap-northeast-1.amazonaws.com/projects.crowd4u.org/s1811552/results/angry/angry_71.jpg,angry
https://s3-ap-northeast-1.amazonaws.com/projects.crowd4u.org/s1811552/results/happy/happy_83.jpg,happy
https://s3-ap-northeast-1.amazonaws.com/projects.crowd4u.org/s1811552/results/neutral/neutral_58.jpg,neutral
https://s3-ap-northeast-1.amazonaws.com/projects.crowd4u.org/s1811552/results/happy/happy_47.jpg,happy
https://s3-ap-northeast-1.amazonaws.com/projects.crowd4u.org/s1811552/results/angry/angry_09.jpg,angry
https://s3-ap-northeast-1.amazonaws.com/projects.crowd4u.org/s1811552/results/disgust/disgust_10.jpg,disgust
https://s3-ap-northeast-1.amazonaws.com/projects.crowd4u.org/s1811552/results/happy/happy_98.jpg,happy
https://s3-ap-northeast-1.amazonaws.com/projects.crowd4u.org/s1811552/results/disgust/disgust_26.jpg,disgust
https://s3-ap-northeast-1.amazonaws.com/projects.crowd4u.org/s1811552/results/angry/angry_81.jpg,angry
https://s3-ap-northeast-1.amazonaws.com/projects.crowd4u.org/s1811552/results/disgust/disgust_97.jpg,disgust
https://s3-ap-northeast-1.amazonaws.com/projects.crowd4u.org/s1811552/results/neutral/neutral_74.jpg,neutral
https://s3-ap-northeast-1.amazonaws.com/projects.crowd4u.org/s1811552/results/disgust/disgust_24.jpg,disgust
https://s3-ap-northeast-1.amazonaws.com/projects.crowd4u.org/s1811552/results/disgust/disgust_45.jpg,disgust
https://s3-ap-northeast-1.amazonaws.com/projects.crowd4u.org/s1811552/results/disgust/disgust_34.jpg,disgust
https://s3-ap-northeast-1.amazonaws.com/projects.crowd4u.org/s1811552/results/fear/fear_71.jpg,fear
https://s3-ap-northeast-1.amazonaws.com/projects.crowd4u.org/s1811552/results/sad/sad_24.jpg,sad
https://s3-ap-northeast-1.amazonaws.com/projects.crowd4u.org/s1811552/results/neutral/neutral_75.jpg,neutral
https://s3-ap-northeast-1.amazonaws.com/projects.crowd4u.org/s1811552/results/disgust/disgust_09.jpg,disgust
https://s3-ap-northeast-1.amazonaws.com/projects.crowd4u.org/s1811552/results/disgust/disgust_21.jpg,disgust
https://s3-ap-northeast-1.amazonaws.com/projects.crowd4u.org/s1811552/results/fear/fear_22.jpg,fear
https://s3-ap-northeast-1.amazonaws.com/projects.crowd4u.org/s1811552/results/fear/fear_00.jpg,fear
https://s3-ap-northeast-1.amazonaws.com/projects.crowd4u.org/s1811552/results/surprise/surprise_11.jpg,surprise
https://s3-ap-northeast-1.amazonaws.com/projects.crowd4u.org/s1811552/results/neutral/neutral_76.jpg,neutral
https://s3-ap-northeast-1.amazonaws.com/projects.crowd4u.org/s1811552/results/neutral/neutral_11.jpg,neutral
https://s3-ap-northeast-1.amazonaws.com/projects.crowd4u.org/s1811552/results/neutral/neutral_96.jpg,neutral
https://s3-ap-northeast-1.amazonaws.com/projects.crowd4u.org/s1811552/results/disgust/disgust_32.jpg,disgust
https://s3-ap-northeast-1.amazonaws.com/projects.crowd4u.org/s1811552/results/fear/fear_48.jpg,fear
https://s3-ap-northeast-1.amazonaws.com/projects.crowd4u.org/s1811552/results/surprise/surprise_93.jpg,surprise
https://s3-ap-northeast-1.amazonaws.com/projects.crowd4u.org/s1811552/results/surprise/surprise_61.jpg,surprise
https://s3-ap-northeast-1.amazonaws.com/projects.crowd4u.org/s1811552/results/disgust/disgust_83.jpg,disgust
https://s3-ap-northeast-1.amazonaws.com/projects.crowd4u.org/s1811552/results/fear/fear_92.jpg,fear
https://s3-ap-northeast-1.amazonaws.com/projects.crowd4u.org/s1811552/results/happy/happy_45.jpg,happy
https://s3-ap-northeast-1.amazonaws.com/projects.crowd4u.org/s1811552/results/sad/sad_68.jpg,sad
https://s3-ap-northeast-1.amazonaws.com/projects.crowd4u.org/s1811552/results/sad/sad_57.jpg,sad
https://s3-ap-northeast-1.amazonaws.com/projects.crowd4u.org/s1811552/results/sad/sad_33.jpg,sad
https://s3-ap-northeast-1.amazonaws.com/projects.crowd4u.org/s1811552/results/sad/sad_11.jpg,sad
https://s3-ap-northeast-1.amazonaws.com/projects.crowd4u.org/s1811552/results/angry/angry_01.jpg,angry
https://s3-ap-northeast-1.amazonaws.com/projects.crowd4u.org/s1811552/results/sad/sad_28.jpg,sad
https://s3-ap-northeast-1.amazonaws.com/projects.crowd4u.org/s1811552/results/disgust/disgust_31.jpg,disgust
https://s3-ap-northeast-1.amazonaws.com/projects.crowd4u.org/s1811552/results/happy/happy_86.jpg,happy
https://s3-ap-northeast-1.amazonaws.com/projects.crowd4u.org/s1811552/results/sad/sad_17.jpg,sad
https://s3-ap-northeast-1.amazonaws.com/projects.crowd4u.org/s1811552/results/fear/fear_01.jpg,fear
https://s3-ap-northeast-1.amazonaws.com/projects.crowd4u.org/s1811552/results/sad/sad_20.jpg,sad
https://s3-ap-northeast-1.amazonaws.com/projects.crowd4u.org/s1811552/results/disgust/disgust_16.jpg,disgust
https://s3-ap-northeast-1.amazonaws.com/projects.crowd4u.org/s1811552/results/disgust/disgust_02.jpg,disgust
https://s3-ap-northeast-1.amazonaws.com/projects.crowd4u.org/s1811552/results/fear/fear_16.jpg,fear
https://s3-ap-northeast-1.amazonaws.com/projects.crowd4u.org/s1811552/results/happy/happy_06.jpg,happy
https://s3-ap-northeast-1.amazonaws.com/projects.crowd4u.org/s1811552/results/angry/angry_35.jpg,angry
https://s3-ap-northeast-1.amazonaws.com/projects.crowd4u.org/s1811552/results/happy/happy_22.jpg,happy
https://s3-ap-northeast-1.amazonaws.com/projects.crowd4u.org/s1811552/results/angry/angry_56.jpg,angry
https://s3-ap-northeast-1.amazonaws.com/projects.crowd4u.org/s1811552/results/happy/happy_52.jpg,happy
https://s3-ap-northeast-1.amazonaws.com/projects.crowd4u.org/s1811552/results/angry/angry_46.jpg,angry
https://s3-ap-northeast-1.amazonaws.com/projects.crowd4u.org/s1811552/results/angry/angry_28.jpg,angry
https://s3-ap-northeast-1.amazonaws.com/projects.crowd4u.org/s1811552/results/fear/fear_62.jpg,fear
https://s3-ap-northeast-1.amazonaws.com/projects.crowd4u.org/s1811552/results/disgust/disgust_04.jpg,disgust
https://s3-ap-northeast-1.amazonaws.com/projects.crowd4u.org/s1811552/results/fear/fear_61.jpg,fear
https://s3-ap-northeast-1.amazonaws.com/projects.crowd4u.org/s1811552/results/neutral/neutral_28.jpg,neutral
https://s3-ap-northeast-1.amazonaws.com/projects.crowd4u.org/s1811552/results/surprise/surprise_47.jpg,surprise
https://s3-ap-northeast-1.amazonaws.com/projects.crowd4u.org/s1811552/results/sad/sad_06.jpg,sad
https://s3-ap-northeast-1.amazonaws.com/projects.crowd4u.org/s1811552/results/disgust/disgust_46.jpg,disgust
https://s3-ap-northeast-1.amazonaws.com/projects.crowd4u.org/s1811552/results/happy/happy_99.jpg,happy
https://s3-ap-northeast-1.amazonaws.com/projects.crowd4u.org/s1811552/results/sad/sad_02.jpg,sad
https://s3-ap-northeast-1.amazonaws.com/projects.crowd4u.org/s1811552/results/sad/sad_16.jpg,sad
https://s3-ap-northeast-1.amazonaws.com/projects.crowd4u.org/s1811552/results/disgust/disgust_23.jpg,disgust
https://s3-ap-northeast-1.amazonaws.com/projects.crowd4u.org/s1811552/results/fear/fear_26.jpg,fear
https://s3-ap-northeast-1.amazonaws.com/projects.crowd4u.org/s1811552/results/angry/angry_39.jpg,angry
https://s3-ap-northeast-1.amazonaws.com/projects.crowd4u.org/s1811552/results/angry/angry_48.jpg,angry
https://s3-ap-northeast-1.amazonaws.com/projects.crowd4u.org/s1811552/results/neutral/neutral_65.jpg,neutral
https://s3-ap-northeast-1.amazonaws.com/projects.crowd4u.org/s1811552/results/fear/fear_67.jpg,fear
https://s3-ap-northeast-1.amazonaws.com/projects.crowd4u.org/s1811552/results/neutral/neutral_54.jpg,neutral
https://s3-ap-northeast-1.amazonaws.com/projects.crowd4u.org/s1811552/results/disgust/disgust_84.jpg,disgust
https://s3-ap-northeast-1.amazonaws.com/projects.crowd4u.org/s1811552/results/disgust/disgust_90.jpg,disgust
https://s3-ap-northeast-1.amazonaws.com/projects.crowd4u.org/s1811552/results/happy/happy_58.jpg,happy
https://s3-ap-northeast-1.amazonaws.com/projects.crowd4u.org/s1811552/results/fear/fear_68.jpg,fear
https://s3-ap-northeast-1.amazonaws.com/projects.crowd4u.org/s1811552/results/sad/sad_83.jpg,sad
https://s3-ap-northeast-1.amazonaws.com/projects.crowd4u.org/s1811552/results/neutral/neutral_27.jpg,neutral
https://s3-ap-northeast-1.amazonaws.com/projects.crowd4u.org/s1811552/results/surprise/surprise_73.jpg,surprise
https://s3-ap-northeast-1.amazonaws.com/projects.crowd4u.org/s1811552/results/fear/fear_12.jpg,fear
https://s3-ap-northeast-1.amazonaws.com/projects.crowd4u.org/s1811552/results/sad/sad_90.jpg,sad
https://s3-ap-northeast-1.amazonaws.com/projects.crowd4u.org/s1811552/results/angry/angry_40.jpg,angry
https://s3-ap-northeast-1.amazonaws.com/projects.crowd4u.org/s1811552/results/surprise/surprise_75.jpg,surprise
https://s3-ap-northeast-1.amazonaws.com/projects.crowd4u.org/s1811552/results/disgust/disgust_69.jpg,disgust
https://s3-ap-northeast-1.amazonaws.com/projects.crowd4u.org/s1811552/results/fear/fear_75.jpg,fear
https://s3-ap-northeast-1.amazonaws.com/projects.crowd4u.org/s1811552/results/angry/angry_83.jpg,angry
https://s3-ap-northeast-1.amazonaws.com/projects.crowd4u.org/s1811552/results/angry/angry_60.jpg,angry
https://s3-ap-northeast-1.amazonaws.com/projects.crowd4u.org/s1811552/results/disgust/disgust_51.jpg,disgust
https://s3-ap-northeast-1.amazonaws.com/projects.crowd4u.org/s1811552/results/neutral/neutral_92.jpg,neutral
https://s3-ap-northeast-1.amazonaws.com/projects.crowd4u.org/s1811552/results/surprise/surprise_54.jpg,surprise
https://s3-ap-northeast-1.amazonaws.com/projects.crowd4u.org/s1811552/results/happy/happy_91.jpg,happy
https://s3-ap-northeast-1.amazonaws.com/projects.crowd4u.org/s1811552/results/sad/sad_37.jpg,sad
https://s3-ap-northeast-1.amazonaws.com/projects.crowd4u.org/s1811552/results/fear/fear_05.jpg,fear
https://s3-ap-northeast-1.amazonaws.com/projects.crowd4u.org/s1811552/results/surprise/surprise_53.jpg,surprise
https://s3-ap-northeast-1.amazonaws.com/projects.crowd4u.org/s1811552/results/angry/angry_38.jpg,angry
https://s3-ap-northeast-1.amazonaws.com/projects.crowd4u.org/s1811552/results/disgust/disgust_85.jpg,disgust
https://s3-ap-northeast-1.amazonaws.com/projects.crowd4u.org/s1811552/results/neutral/neutral_23.jpg,neutral
https://s3-ap-northeast-1.amazonaws.com/projects.crowd4u.org/s1811552/results/neutral/neutral_99.jpg,neutral
https://s3-ap-northeast-1.amazonaws.com/projects.crowd4u.org/s1811552/results/fear/fear_97.jpg,fear
https://s3-ap-northeast-1.amazonaws.com/projects.crowd4u.org/s1811552/results/neutral/neutral_83.jpg,neutral
https://s3-ap-northeast-1.amazonaws.com/projects.crowd4u.org/s1811552/results/disgust/disgust_73.jpg,disgust
https://s3-ap-northeast-1.amazonaws.com/projects.crowd4u.org/s1811552/results/neutral/neutral_04.jpg,neutral
https://s3-ap-northeast-1.amazonaws.com/projects.crowd4u.org/s1811552/results/neutral/neutral_16.jpg,neutral
https://s3-ap-northeast-1.amazonaws.com/projects.crowd4u.org/s1811552/results/fear/fear_24.jpg,fear
https://s3-ap-northeast-1.amazonaws.com/projects.crowd4u.org/s1811552/results/disgust/disgust_71.jpg,disgust
https://s3-ap-northeast-1.amazonaws.com/projects.crowd4u.org/s1811552/results/happy/happy_85.jpg,happy
https://s3-ap-northeast-1.amazonaws.com/projects.crowd4u.org/s1811552/results/sad/sad_98.jpg,sad
https://s3-ap-northeast-1.amazonaws.com/projects.crowd4u.org/s1811552/results/sad/sad_36.jpg,sad
https://s3-ap-northeast-1.amazonaws.com/projects.crowd4u.org/s1811552/results/disgust/disgust_75.jpg,disgust
https://s3-ap-northeast-1.amazonaws.com/projects.crowd4u.org/s1811552/results/sad/sad_62.jpg,sad
https://s3-ap-northeast-1.amazonaws.com/projects.crowd4u.org/s1811552/results/angry/angry_41.jpg,angry
https://s3-ap-northeast-1.amazonaws.com/projects.crowd4u.org/s1811552/results/sad/sad_18.jpg,sad
https://s3-ap-northeast-1.amazonaws.com/projects.crowd4u.org/s1811552/results/angry/angry_97.jpg,angry
https://s3-ap-northeast-1.amazonaws.com/projects.crowd4u.org/s1811552/results/neutral/neutral_30.jpg,neutral
https://s3-ap-northeast-1.amazonaws.com/projects.crowd4u.org/s1811552/results/surprise/surprise_21.jpg,surprise
https://s3-ap-northeast-1.amazonaws.com/projects.crowd4u.org/s1811552/results/surprise/surprise_57.jpg,surprise
https://s3-ap-northeast-1.amazonaws.com/projects.crowd4u.org/s1811552/results/disgust/disgust_86.jpg,disgust
https://s3-ap-northeast-1.amazonaws.com/projects.crowd4u.org/s1811552/results/sad/sad_67.jpg,sad
https://s3-ap-northeast-1.amazonaws.com/projects.crowd4u.org/s1811552/results/surprise/surprise_66.jpg,surprise
https://s3-ap-northeast-1.amazonaws.com/projects.crowd4u.org/s1811552/results/sad/sad_74.jpg,sad
https://s3-ap-northeast-1.amazonaws.com/projects.crowd4u.org/s1811552/results/happy/happy_03.jpg,happy
https://s3-ap-northeast-1.amazonaws.com/projects.crowd4u.org/s1811552/results/sad/sad_96.jpg,sad
https://s3-ap-northeast-1.amazonaws.com/projects.crowd4u.org/s1811552/results/surprise/surprise_07.jpg,surprise
https://s3-ap-northeast-1.amazonaws.com/projects.crowd4u.org/s1811552/results/sad/sad_31.jpg,sad
https://s3-ap-northeast-1.amazonaws.com/projects.crowd4u.org/s1811552/results/surprise/surprise_91.jpg,surprise
https://s3-ap-northeast-1.amazonaws.com/projects.crowd4u.org/s1811552/results/neutral/neutral_85.jpg,neutral
https://s3-ap-northeast-1.amazonaws.com/projects.crowd4u.org/s1811552/results/happy/happy_19.jpg,happy
https://s3-ap-northeast-1.amazonaws.com/projects.crowd4u.org/s1811552/results/angry/angry_37.jpg,angry
https://s3-ap-northeast-1.amazonaws.com/projects.crowd4u.org/s1811552/results/fear/fear_58.jpg,fear
https://s3-ap-northeast-1.amazonaws.com/projects.crowd4u.org/s1811552/results/angry/angry_93.jpg,angry
https://s3-ap-northeast-1.amazonaws.com/projects.crowd4u.org/s1811552/results/sad/sad_63.jpg,sad
https://s3-ap-northeast-1.amazonaws.com/projects.crowd4u.org/s1811552/results/neutral/neutral_60.jpg,neutral
https://s3-ap-northeast-1.amazonaws.com/projects.crowd4u.org/s1811552/results/surprise/surprise_85.jpg,surprise
https://s3-ap-northeast-1.amazonaws.com/projects.crowd4u.org/s1811552/results/fear/fear_50.jpg,fear
https://s3-ap-northeast-1.amazonaws.com/projects.crowd4u.org/s1811552/results/neutral/neutral_18.jpg,neutral
https://s3-ap-northeast-1.amazonaws.com/projects.crowd4u.org/s1811552/results/disgust/disgust_33.jpg,disgust
https://s3-ap-northeast-1.amazonaws.com/projects.crowd4u.org/s1811552/results/happy/happy_28.jpg,happy
https://s3-ap-northeast-1.amazonaws.com/projects.crowd4u.org/s1811552/results/surprise/surprise_98.jpg,surprise
https://s3-ap-northeast-1.amazonaws.com/projects.crowd4u.org/s1811552/results/disgust/disgust_53.jpg,disgust
https://s3-ap-northeast-1.amazonaws.com/projects.crowd4u.org/s1811552/results/disgust/disgust_58.jpg,disgust
https://s3-ap-northeast-1.amazonaws.com/projects.crowd4u.org/s1811552/results/fear/fear_42.jpg,fear
https://s3-ap-northeast-1.amazonaws.com/projects.crowd4u.org/s1811552/results/sad/sad_84.jpg,sad
https://s3-ap-northeast-1.amazonaws.com/projects.crowd4u.org/s1811552/results/surprise/surprise_09.jpg,surprise
https://s3-ap-northeast-1.amazonaws.com/projects.crowd4u.org/s1811552/results/fear/fear_11.jpg,fear
https://s3-ap-northeast-1.amazonaws.com/projects.crowd4u.org/s1811552/results/disgust/disgust_47.jpg,disgust
https://s3-ap-northeast-1.amazonaws.com/projects.crowd4u.org/s1811552/results/disgust/disgust_57.jpg,disgust
https://s3-ap-northeast-1.amazonaws.com/projects.crowd4u.org/s1811552/results/fear/fear_94.jpg,fear
https://s3-ap-northeast-1.amazonaws.com/projects.crowd4u.org/s1811552/results/surprise/surprise_06.jpg,surprise
https://s3-ap-northeast-1.amazonaws.com/projects.crowd4u.org/s1811552/results/sad/sad_14.jpg,sad
https://s3-ap-northeast-1.amazonaws.com/projects.crowd4u.org/s1811552/results/angry/angry_00.jpg,angry
https://s3-ap-northeast-1.amazonaws.com/projects.crowd4u.org/s1811552/results/happy/happy_72.jpg,happy
https://s3-ap-northeast-1.amazonaws.com/projects.crowd4u.org/s1811552/results/sad/sad_95.jpg,sad
https://s3-ap-northeast-1.amazonaws.com/projects.crowd4u.org/s1811552/results/surprise/surprise_17.jpg,surprise
https://s3-ap-northeast-1.amazonaws.com/projects.crowd4u.org/s1811552/results/fear/fear_38.jpg,fear
https://s3-ap-northeast-1.amazonaws.com/projects.crowd4u.org/s1811552/results/angry/angry_76.jpg,angry
https://s3-ap-northeast-1.amazonaws.com/projects.crowd4u.org/s1811552/results/fear/fear_17.jpg,fear
https://s3-ap-northeast-1.amazonaws.com/projects.crowd4u.org/s1811552/results/happy/happy_59.jpg,happy
https://s3-ap-northeast-1.amazonaws.com/projects.crowd4u.org/s1811552/results/fear/fear_56.jpg,fear
https://s3-ap-northeast-1.amazonaws.com/projects.crowd4u.org/s1811552/results/fear/fear_86.jpg,fear
https://s3-ap-northeast-1.amazonaws.com/projects.crowd4u.org/s1811552/results/happy/happy_90.jpg,happy
https://s3-ap-northeast-1.amazonaws.com/projects.crowd4u.org/s1811552/results/sad/sad_29.jpg,sad
https://s3-ap-northeast-1.amazonaws.com/projects.crowd4u.org/s1811552/results/neutral/neutral_62.jpg,neutral
https://s3-ap-northeast-1.amazonaws.com/projects.crowd4u.org/s1811552/results/happy/happy_25.jpg,happy
https://s3-ap-northeast-1.amazonaws.com/projects.crowd4u.org/s1811552/results/surprise/surprise_82.jpg,surprise
https://s3-ap-northeast-1.amazonaws.com/projects.crowd4u.org/s1811552/results/disgust/disgust_65.jpg,disgust
https://s3-ap-northeast-1.amazonaws.com/projects.crowd4u.org/s1811552/results/disgust/disgust_56.jpg,disgust
https://s3-ap-northeast-1.amazonaws.com/projects.crowd4u.org/s1811552/results/sad/sad_59.jpg,sad
https://s3-ap-northeast-1.amazonaws.com/projects.crowd4u.org/s1811552/results/neutral/neutral_19.jpg,neutral
https://s3-ap-northeast-1.amazonaws.com/projects.crowd4u.org/s1811552/results/surprise/surprise_33.jpg,surprise
https://s3-ap-northeast-1.amazonaws.com/projects.crowd4u.org/s1811552/results/surprise/surprise_37.jpg,surprise
https://s3-ap-northeast-1.amazonaws.com/projects.crowd4u.org/s1811552/results/angry/angry_73.jpg,angry
https://s3-ap-northeast-1.amazonaws.com/projects.crowd4u.org/s1811552/results/neutral/neutral_81.jpg,neutral
https://s3-ap-northeast-1.amazonaws.com/projects.crowd4u.org/s1811552/results/happy/happy_89.jpg,happy
https://s3-ap-northeast-1.amazonaws.com/projects.crowd4u.org/s1811552/results/surprise/surprise_52.jpg,surprise
https://s3-ap-northeast-1.amazonaws.com/projects.crowd4u.org/s1811552/results/neutral/neutral_37.jpg,neutral
https://s3-ap-northeast-1.amazonaws.com/projects.crowd4u.org/s1811552/results/neutral/neutral_13.jpg,neutral
https://s3-ap-northeast-1.amazonaws.com/projects.crowd4u.org/s1811552/results/surprise/surprise_81.jpg,surprise
https://s3-ap-northeast-1.amazonaws.com/projects.crowd4u.org/s1811552/results/neutral/neutral_36.jpg,neutral
https://s3-ap-northeast-1.amazonaws.com/projects.crowd4u.org/s1811552/results/happy/happy_64.jpg,happy
https://s3-ap-northeast-1.amazonaws.com/projects.crowd4u.org/s1811552/results/fear/fear_82.jpg,fear
https://s3-ap-northeast-1.amazonaws.com/projects.crowd4u.org/s1811552/results/surprise/surprise_76.jpg,surprise
https://s3-ap-northeast-1.amazonaws.com/projects.crowd4u.org/s1811552/results/disgust/disgust_48.jpg,disgust
https://s3-ap-northeast-1.amazonaws.com/projects.crowd4u.org/s1811552/results/sad/sad_13.jpg,sad
https://s3-ap-northeast-1.amazonaws.com/projects.crowd4u.org/s1811552/results/sad/sad_42.jpg,sad
https://s3-ap-northeast-1.amazonaws.com/projects.crowd4u.org/s1811552/results/neutral/neutral_88.jpg,neutral
https://s3-ap-northeast-1.amazonaws.com/projects.crowd4u.org/s1811552/results/sad/sad_94.jpg,sad
https://s3-ap-northeast-1.amazonaws.com/projects.crowd4u.org/s1811552/results/angry/angry_34.jpg,angry
https://s3-ap-northeast-1.amazonaws.com/projects.crowd4u.org/s1811552/results/neutral/neutral_56.jpg,neutral
https://s3-ap-northeast-1.amazonaws.com/projects.crowd4u.org/s1811552/results/angry/angry_72.jpg,angry
https://s3-ap-northeast-1.amazonaws.com/projects.crowd4u.org/s1811552/results/sad/sad_46.jpg,sad
https://s3-ap-northeast-1.amazonaws.com/projects.crowd4u.org/s1811552/results/sad/sad_58.jpg,sad
https://s3-ap-northeast-1.amazonaws.com/projects.crowd4u.org/s1811552/results/surprise/surprise_71.jpg,surprise
https://s3-ap-northeast-1.amazonaws.com/projects.crowd4u.org/s1811552/results/surprise/surprise_44.jpg,surprise
https://s3-ap-northeast-1.amazonaws.com/projects.crowd4u.org/s1811552/results/angry/angry_24.jpg,angry
https://s3-ap-northeast-1.amazonaws.com/projects.crowd4u.org/s1811552/results/angry/angry_52.jpg,angry
https://s3-ap-northeast-1.amazonaws.com/projects.crowd4u.org/s1811552/results/happy/happy_49.jpg,happy
https://s3-ap-northeast-1.amazonaws.com/projects.crowd4u.org/s1811552/results/angry/angry_82.jpg,angry
https://s3-ap-northeast-1.amazonaws.com/projects.crowd4u.org/s1811552/results/surprise/surprise_31.jpg,surprise
https://s3-ap-northeast-1.amazonaws.com/projects.crowd4u.org/s1811552/results/disgust/disgust_61.jpg,disgust
https://s3-ap-northeast-1.amazonaws.com/projects.crowd4u.org/s1811552/results/angry/angry_86.jpg,angry
https://s3-ap-northeast-1.amazonaws.com/projects.crowd4u.org/s1811552/results/surprise/surprise_60.jpg,surprise
https://s3-ap-northeast-1.amazonaws.com/projects.crowd4u.org/s1811552/results/sad/sad_54.jpg,sad
https://s3-ap-northeast-1.amazonaws.com/projects.crowd4u.org/s1811552/results/disgust/disgust_36.jpg,disgust
https://s3-ap-northeast-1.amazonaws.com/projects.crowd4u.org/s1811552/results/happy/happy_07.jpg,happy
https://s3-ap-northeast-1.amazonaws.com/projects.crowd4u.org/s1811552/results/fear/fear_07.jpg,fear
https://s3-ap-northeast-1.amazonaws.com/projects.crowd4u.org/s1811552/results/sad/sad_75.jpg,sad
https://s3-ap-northeast-1.amazonaws.com/projects.crowd4u.org/s1811552/results/sad/sad_15.jpg,sad
https://s3-ap-northeast-1.amazonaws.com/projects.crowd4u.org/s1811552/results/angry/angry_42.jpg,angry
https://s3-ap-northeast-1.amazonaws.com/projects.crowd4u.org/s1811552/results/fear/fear_87.jpg,fear
https://s3-ap-northeast-1.amazonaws.com/projects.crowd4u.org/s1811552/results/neutral/neutral_25.jpg,neutral
https://s3-ap-northeast-1.amazonaws.com/projects.crowd4u.org/s1811552/results/happy/happy_50.jpg,happy
https://s3-ap-northeast-1.amazonaws.com/projects.crowd4u.org/s1811552/results/disgust/disgust_76.jpg,disgust
https://s3-ap-northeast-1.amazonaws.com/projects.crowd4u.org/s1811552/results/surprise/surprise_88.jpg,surprise
https://s3-ap-northeast-1.amazonaws.com/projects.crowd4u.org/s1811552/results/disgust/disgust_89.jpg,disgust
https://s3-ap-northeast-1.amazonaws.com/projects.crowd4u.org/s1811552/results/fear/fear_09.jpg,fear
https://s3-ap-northeast-1.amazonaws.com/projects.crowd4u.org/s1811552/results/fear/fear_83.jpg,fear
https://s3-ap-northeast-1.amazonaws.com/projects.crowd4u.org/s1811552/results/neutral/neutral_91.jpg,neutral
https://s3-ap-northeast-1.amazonaws.com/projects.crowd4u.org/s1811552/results/fear/fear_98.jpg,fear
https://s3-ap-northeast-1.amazonaws.com/projects.crowd4u.org/s1811552/results/neutral/neutral_44.jpg,neutral
https://s3-ap-northeast-1.amazonaws.com/projects.crowd4u.org/s1811552/results/sad/sad_45.jpg,sad
https://s3-ap-northeast-1.amazonaws.com/projects.crowd4u.org/s1811552/results/happy/happy_66.jpg,happy
https://s3-ap-northeast-1.amazonaws.com/projects.crowd4u.org/s1811552/results/disgust/disgust_55.jpg,disgust
https://s3-ap-northeast-1.amazonaws.com/projects.crowd4u.org/s1811552/results/angry/angry_91.jpg,angry
https://s3-ap-northeast-1.amazonaws.com/projects.crowd4u.org/s1811552/results/neutral/neutral_69.jpg,neutral
https://s3-ap-northeast-1.amazonaws.com/projects.crowd4u.org/s1811552/results/happy/happy_42.jpg,happy
https://s3-ap-northeast-1.amazonaws.com/projects.crowd4u.org/s1811552/results/sad/sad_51.jpg,sad
https://s3-ap-northeast-1.amazonaws.com/projects.crowd4u.org/s1811552/results/neutral/neutral_87.jpg,neutral
https://s3-ap-northeast-1.amazonaws.com/projects.crowd4u.org/s1811552/results/sad/sad_82.jpg,sad
https://s3-ap-northeast-1.amazonaws.com/projects.crowd4u.org/s1811552/results/surprise/surprise_18.jpg,surprise
https://s3-ap-northeast-1.amazonaws.com/projects.crowd4u.org/s1811552/results/happy/happy_15.jpg,happy
https://s3-ap-northeast-1.amazonaws.com/projects.crowd4u.org/s1811552/results/disgust/disgust_59.jpg,disgust
https://s3-ap-northeast-1.amazonaws.com/projects.crowd4u.org/s1811552/results/happy/happy_11.jpg,happy
https://s3-ap-northeast-1.amazonaws.com/projects.crowd4u.org/s1811552/results/surprise/surprise_56.jpg,surprise
https://s3-ap-northeast-1.amazonaws.com/projects.crowd4u.org/s1811552/results/happy/happy_68.jpg,happy
https://s3-ap-northeast-1.amazonaws.com/projects.crowd4u.org/s1811552/results/disgust/disgust_92.jpg,disgust
https://s3-ap-northeast-1.amazonaws.com/projects.crowd4u.org/s1811552/results/surprise/surprise_34.jpg,surprise
https://s3-ap-northeast-1.amazonaws.com/projects.crowd4u.org/s1811552/results/fear/fear_13.jpg,fear
https://s3-ap-northeast-1.amazonaws.com/projects.crowd4u.org/s1811552/results/neutral/neutral_47.jpg,neutral
https://s3-ap-northeast-1.amazonaws.com/projects.crowd4u.org/s1811552/results/neutral/neutral_93.jpg,neutral
https://s3-ap-northeast-1.amazonaws.com/projects.crowd4u.org/s1811552/results/neutral/neutral_78.jpg,neutral
https://s3-ap-northeast-1.amazonaws.com/projects.crowd4u.org/s1811552/results/angry/angry_19.jpg,angry
https://s3-ap-northeast-1.amazonaws.com/projects.crowd4u.org/s1811552/results/disgust/disgust_49.jpg,disgust
https://s3-ap-northeast-1.amazonaws.com/projects.crowd4u.org/s1811552/results/happy/happy_60.jpg,happy
https://s3-ap-northeast-1.amazonaws.com/projects.crowd4u.org/s1811552/results/sad/sad_93.jpg,sad
https://s3-ap-northeast-1.amazonaws.com/projects.crowd4u.org/s1811552/results/angry/angry_12.jpg,angry
